"Date","Price","Open","High","Low","Vol.","Change %"
"Dec 30, 2016","2,238.83","2,251.61","2,253.58","2,233.62","-","-0.46%"
"Dec 29, 2016","2,249.26","2,249.50","2,254.51","2,244.56","-","-0.03%"
"Dec 28, 2016","2,249.92","2,270.23","2,271.31","2,249.11","-","-0.84%"
"Dec 27, 2016","2,268.88","2,266.23","2,273.82","2,266.15","-","0.22%"
"Dec 23, 2016","2,263.79","2,260.25","2,263.79","2,258.84","-","0.13%"
"Dec 22, 2016","2,260.96","2,262.93","2,263.18","2,256.08","-","-0.19%"
"Dec 21, 2016","2,265.18","2,270.54","2,271.23","2,265.15","-","-0.25%"
"Dec 20, 2016","2,270.76","2,266.50","2,272.56","2,266.14","-","0.36%"
"Dec 19, 2016","2,262.53","2,259.24","2,267.47","2,258.21","-","0.20%"
"Dec 16, 2016","2,258.07","2,266.81","2,268.05","2,254.24","-","-0.18%"
"Dec 15, 2016","2,262.03","2,253.77","2,272.12","2,253.77","-","0.39%"
"Dec 14, 2016","2,253.28","2,268.35","2,276.20","2,248.44","-","-0.81%"
"Dec 13, 2016","2,271.72","2,263.32","2,277.53","2,263.32","-","0.65%"
"Dec 12, 2016","2,256.96","2,258.83","2,264.03","2,252.37","-","-0.11%"
"Dec 09, 2016","2,259.53","2,249.73","2,259.80","2,249.23","-","0.59%"
"Dec 08, 2016","2,246.19","2,241.13","2,251.69","2,237.57","-","0.22%"
"Dec 07, 2016","2,241.35","2,210.72","2,241.63","2,208.93","-","1.32%"
"Dec 06, 2016","2,212.23","2,207.26","2,212.78","2,202.21","-","0.34%"
"Dec 05, 2016","2,204.71","2,200.65","2,209.42","2,199.97","-","0.58%"
"Dec 02, 2016","2,191.95","2,191.12","2,197.95","2,188.37","-","0.04%"
"Dec 01, 2016","2,191.08","2,200.17","2,202.60","2,187.44","-","-0.35%"
"Nov 30, 2016","2,198.81","2,204.97","2,214.10","2,198.81","-","-0.27%"
"Nov 29, 2016","2,204.66","2,200.76","2,210.46","2,198.15","-","0.13%"
"Nov 28, 2016","2,201.72","2,210.21","2,211.14","2,200.36","-","-0.53%"
"Nov 25, 2016","2,213.35","2,206.27","2,213.35","2,206.27","-","0.39%"
"Nov 23, 2016","2,204.72","2,198.55","2,204.72","2,194.51","-","0.08%"
"Nov 22, 2016","2,202.94","2,201.56","2,204.80","2,194.51","-","0.22%"
"Nov 21, 2016","2,198.18","2,186.43","2,198.70","2,186.43","-","0.75%"
"Nov 18, 2016","2,181.90","2,186.85","2,189.89","2,180.38","-","-0.24%"
"Nov 17, 2016","2,187.12","2,178.61","2,188.06","2,176.65","-","0.47%"
"Nov 16, 2016","2,176.94","2,177.53","2,179.22","2,172.20","-","-0.16%"
"Nov 15, 2016","2,180.39","2,168.29","2,180.84","2,166.38","-","0.75%"
"Nov 14, 2016","2,164.20","2,165.64","2,171.36","2,156.08","-","-0.01%"
"Nov 11, 2016","2,164.45","2,162.71","2,165.92","2,152.49","-","-0.14%"
"Nov 10, 2016","2,167.48","2,167.49","2,182.30","2,151.17","-","0.20%"
"Nov 09, 2016","2,163.26","2,131.56","2,170.10","2,125.35","-","1.11%"
"Nov 08, 2016","2,139.56","2,129.92","2,146.87","2,123.56","-","0.38%"
"Nov 07, 2016","2,131.52","2,100.59","2,132.00","2,100.59","-","2.22%"
"Nov 04, 2016","2,085.18","2,083.79","2,099.07","2,083.79","-","-0.17%"
"Nov 03, 2016","2,088.66","2,098.80","2,102.56","2,085.23","-","-0.44%"
"Nov 02, 2016","2,097.94","2,109.43","2,111.76","2,094.00","-","-0.65%"
"Nov 01, 2016","2,111.72","2,128.68","2,131.45","2,097.85","-","-0.68%"
"Oct 31, 2016","2,126.15","2,129.78","2,133.25","2,125.53","-","-0.01%"
"Oct 28, 2016","2,126.41","2,132.23","2,140.72","2,119.36","-","-0.31%"
"Oct 27, 2016","2,133.04","2,144.06","2,147.13","2,132.52","-","-0.30%"
"Oct 26, 2016","2,139.43","2,136.97","2,145.73","2,131.59","-","-0.17%"
"Oct 25, 2016","2,143.16","2,149.72","2,151.44","2,141.93","-","-0.38%"
"Oct 24, 2016","2,151.33","2,148.50","2,154.79","2,146.91","-","0.47%"
"Oct 21, 2016","2,141.16","2,139.43","2,142.63","2,130.09","-","-0.01%"
"Oct 20, 2016","2,141.34","2,142.51","2,147.18","2,133.44","-","-0.14%"
"Oct 19, 2016","2,144.29","2,140.81","2,148.44","2,138.15","-","0.22%"
"Oct 18, 2016","2,139.60","2,138.31","2,144.38","2,135.49","-","0.62%"
"Oct 17, 2016","2,126.50","2,132.95","2,135.61","2,124.43","-","-0.30%"
"Oct 14, 2016","2,132.98","2,139.68","2,149.19","2,132.98","-","0.02%"
"Oct 13, 2016","2,132.55","2,130.26","2,138.19","2,114.72","-","-0.31%"
"Oct 12, 2016","2,139.18","2,137.67","2,145.36","2,132.77","-","0.11%"
"Oct 11, 2016","2,136.73","2,161.35","2,161.56","2,128.84","-","-1.24%"
"Oct 10, 2016","2,163.66","2,160.39","2,169.60","2,160.39","-","0.46%"
"Oct 07, 2016","2,153.74","2,164.19","2,165.86","2,144.85","-","-0.33%"
"Oct 06, 2016","2,160.77","2,158.22","2,162.93","2,150.28","-","0.05%"
"Oct 05, 2016","2,159.73","2,155.15","2,163.95","2,155.15","-","0.43%"
"Oct 04, 2016","2,150.49","2,163.37","2,165.46","2,144.01","-","-0.50%"
"Oct 03, 2016","2,161.20","2,164.33","2,164.41","2,154.77","-","-0.33%"
"Sep 30, 2016","2,168.27","2,156.51","2,175.30","2,156.51","-","0.80%"
"Sep 29, 2016","2,151.13","2,168.90","2,172.67","2,145.20","-","-0.93%"
"Sep 28, 2016","2,171.37","2,161.85","2,172.40","2,151.79","-","0.53%"
"Sep 27, 2016","2,159.93","2,146.04","2,161.13","2,141.55","-","0.64%"
"Sep 26, 2016","2,146.10","2,158.54","2,158.54","2,145.04","-","-0.86%"
"Sep 23, 2016","2,164.69","2,173.29","2,173.75","2,163.97","-","-0.57%"
"Sep 22, 2016","2,177.18","2,170.94","2,179.99","2,170.94","-","0.65%"
"Sep 21, 2016","2,163.12","2,144.58","2,165.11","2,139.57","-","1.09%"
"Sep 20, 2016","2,139.76","2,145.94","2,150.80","2,139.17","-","0.03%"
"Sep 19, 2016","2,139.12","2,143.99","2,153.61","2,135.91","-","-0.00%"
"Sep 16, 2016","2,139.16","2,146.48","2,146.48","2,131.20","-","-0.38%"
"Sep 15, 2016","2,147.26","2,125.36","2,151.31","2,122.36","-","1.01%"
"Sep 14, 2016","2,125.77","2,127.86","2,141.33","2,119.90","-","-0.06%"
"Sep 13, 2016","2,127.02","2,150.47","2,150.47","2,120.27","-","-1.48%"
"Sep 12, 2016","2,159.04","2,120.86","2,163.30","2,119.12","-","1.47%"
"Sep 09, 2016","2,127.81","2,169.08","2,169.08","2,127.81","-","-2.45%"
"Sep 08, 2016","2,181.30","2,182.76","2,184.94","2,177.49","-","-0.22%"
"Sep 07, 2016","2,186.16","2,185.17","2,187.87","2,179.07","-","-0.01%"
"Sep 06, 2016","2,186.48","2,181.61","2,186.57","2,175.10","-","0.30%"
"Sep 02, 2016","2,179.98","2,177.49","2,184.87","2,173.59","-","0.42%"
"Sep 01, 2016","2,170.86","2,171.33","2,173.56","2,157.09","-","-0.00%"
"Aug 31, 2016","2,170.95","2,173.56","2,173.79","2,161.35","-","-0.24%"
"Aug 30, 2016","2,176.12","2,179.45","2,182.27","2,170.41","-","-0.20%"
"Aug 29, 2016","2,180.38","2,170.19","2,183.48","2,170.19","-","0.52%"
"Aug 26, 2016","2,169.04","2,175.10","2,187.94","2,160.39","-","-0.16%"
"Aug 25, 2016","2,172.47","2,173.29","2,179.00","2,169.74","-","-0.14%"
"Aug 24, 2016","2,175.44","2,185.09","2,186.66","2,171.25","-","-0.52%"
"Aug 23, 2016","2,186.90","2,187.81","2,193.42","2,186.80","-","0.20%"
"Aug 22, 2016","2,182.64","2,181.58","2,185.15","2,175.96","-","-0.06%"
"Aug 19, 2016","2,183.87","2,184.24","2,185.00","2,175.13","-","-0.14%"
"Aug 18, 2016","2,187.02","2,181.90","2,187.03","2,180.46","-","0.22%"
"Aug 17, 2016","2,182.22","2,177.84","2,183.08","2,168.50","-","0.19%"
"Aug 16, 2016","2,178.15","2,186.24","2,186.24","2,178.14","-","-0.55%"
"Aug 15, 2016","2,190.15","2,186.08","2,193.81","2,186.08","-","0.28%"
"Aug 12, 2016","2,184.05","2,183.74","2,186.28","2,179.42","-","-0.08%"
"Aug 11, 2016","2,185.79","2,177.97","2,188.45","2,177.97","-","0.47%"
"Aug 10, 2016","2,175.49","2,182.81","2,183.41","2,172.00","-","-0.29%"
"Aug 09, 2016","2,181.74","2,182.24","2,187.66","2,178.61","-","0.04%"
"Aug 08, 2016","2,180.89","2,183.76","2,185.44","2,177.85","-","-0.09%"
"Aug 05, 2016","2,182.87","2,168.79","2,182.87","2,168.79","-","0.86%"
"Aug 04, 2016","2,164.25","2,163.51","2,168.19","2,159.07","-","0.02%"
"Aug 03, 2016","2,163.79","2,156.81","2,163.79","2,152.56","-","0.31%"
"Aug 02, 2016","2,157.03","2,169.94","2,170.20","2,147.58","-","-0.64%"
"Aug 01, 2016","2,170.84","2,173.15","2,178.29","2,166.21","-","-0.13%"
"Jul 29, 2016","2,173.60","2,168.83","2,177.09","2,163.49","-","0.16%"
"Jul 28, 2016","2,170.06","2,166.05","2,172.85","2,159.74","-","0.16%"
"Jul 27, 2016","2,166.58","2,169.81","2,174.98","2,159.07","-","-0.12%"
"Jul 26, 2016","2,169.18","2,168.97","2,173.54","2,160.18","-","0.03%"
"Jul 25, 2016","2,168.48","2,173.71","2,173.71","2,161.95","-","-0.30%"
"Jul 22, 2016","2,175.03","2,166.47","2,175.11","2,163.24","-","0.46%"
"Jul 21, 2016","2,165.17","2,172.91","2,174.56","2,159.75","-","-0.36%"
"Jul 20, 2016","2,173.02","2,166.10","2,175.63","2,164.89","-","0.43%"
"Jul 19, 2016","2,163.78","2,163.79","2,164.63","2,159.01","-","-0.14%"
"Jul 18, 2016","2,166.89","2,162.04","2,168.35","2,159.63","-","0.24%"
"Jul 15, 2016","2,161.74","2,165.13","2,169.05","2,155.79","-","-0.09%"
"Jul 14, 2016","2,163.75","2,157.88","2,168.99","2,157.88","-","0.53%"
"Jul 13, 2016","2,152.43","2,153.81","2,156.45","2,146.21","-","0.01%"
"Jul 12, 2016","2,152.14","2,139.50","2,155.40","2,139.50","-","0.70%"
"Jul 11, 2016","2,137.16","2,131.72","2,143.16","2,131.72","-","0.34%"
"Jul 08, 2016","2,129.90","2,106.97","2,131.71","2,106.97","-","1.53%"
"Jul 07, 2016","2,097.90","2,100.42","2,109.08","2,089.39","-","-0.09%"
"Jul 06, 2016","2,099.73","2,084.43","2,100.72","2,074.02","-","0.54%"
"Jul 05, 2016","2,088.55","2,095.05","2,095.05","2,080.86","-","-0.68%"
"Jul 01, 2016","2,102.95","2,099.34","2,108.71","2,097.90","-","0.19%"
"Jun 30, 2016","2,098.86","2,073.17","2,098.94","2,070.00","-","1.36%"
"Jun 29, 2016","2,070.77","2,042.69","2,073.13","2,042.69","-","1.70%"
"Jun 28, 2016","2,036.09","2,006.67","2,036.09","2,006.67","-","1.78%"
"Jun 27, 2016","2,000.54","2,031.45","2,031.45","1,991.68","-","-1.81%"
"Jun 24, 2016","2,037.41","2,103.81","2,103.81","2,032.57","-","-3.59%"
"Jun 23, 2016","2,113.32","2,092.80","2,113.32","2,092.80","-","1.34%"
"Jun 22, 2016","2,085.45","2,089.75","2,099.71","2,084.36","-","-0.17%"
"Jun 21, 2016","2,088.90","2,085.19","2,093.66","2,083.02","-","0.27%"
"Jun 20, 2016","2,083.25","2,075.58","2,100.66","2,075.58","-","0.58%"
"Jun 17, 2016","2,071.22","2,078.20","2,078.20","2,062.84","-","-0.33%"
"Jun 16, 2016","2,077.99","2,066.36","2,079.62","2,050.37","-","0.31%"
"Jun 15, 2016","2,071.50","2,077.60","2,085.65","2,069.80","-","-0.18%"
"Jun 14, 2016","2,075.32","2,076.65","2,081.30","2,064.10","-","-0.18%"
"Jun 13, 2016","2,079.06","2,091.75","2,098.12","2,078.46","-","-0.81%"
"Jun 10, 2016","2,096.07","2,109.57","2,109.57","2,089.96","-","-0.92%"
"Jun 09, 2016","2,115.48","2,115.65","2,117.64","2,107.73","-","-0.17%"
"Jun 08, 2016","2,119.12","2,112.71","2,120.55","2,112.71","-","0.33%"
"Jun 07, 2016","2,112.13","2,110.18","2,119.22","2,110.18","-","0.13%"
"Jun 06, 2016","2,109.41","2,100.83","2,113.36","2,100.83","-","0.49%"
"Jun 03, 2016","2,099.13","2,104.07","2,104.07","2,085.36","-","-0.29%"
"Jun 02, 2016","2,105.26","2,097.71","2,105.26","2,088.59","-","0.28%"
"Jun 01, 2016","2,099.33","2,093.94","2,100.97","2,085.10","-","0.11%"
"May 31, 2016","2,096.96","2,100.13","2,103.48","2,088.66","-","-0.10%"
"May 27, 2016","2,099.06","2,090.06","2,099.06","2,090.06","-","0.43%"
"May 26, 2016","2,090.10","2,091.44","2,094.30","2,087.08","-","-0.02%"
"May 25, 2016","2,090.54","2,078.93","2,094.73","2,078.93","-","0.70%"
"May 24, 2016","2,076.06","2,052.65","2,079.67","2,052.65","-","1.37%"
"May 23, 2016","2,048.04","2,052.23","2,055.58","2,047.26","-","-0.21%"
"May 20, 2016","2,052.32","2,041.88","2,058.35","2,041.88","-","0.60%"
"May 19, 2016","2,040.04","2,044.21","2,044.21","2,025.91","-","-0.37%"
"May 18, 2016","2,047.63","2,044.38","2,060.61","2,034.49","-","0.02%"
"May 17, 2016","2,047.21","2,065.04","2,065.69","2,040.82","-","-0.94%"
"May 16, 2016","2,066.66","2,046.53","2,071.88","2,046.53","-","0.98%"
"May 13, 2016","2,046.61","2,062.50","2,066.79","2,043.13","-","-0.85%"
"May 12, 2016","2,064.11","2,067.17","2,073.99","2,053.13","-","-0.02%"
"May 11, 2016","2,064.46","2,083.29","2,083.29","2,064.46","-","-0.96%"
"May 10, 2016","2,084.39","2,062.63","2,084.87","2,062.63","-","1.25%"
"May 09, 2016","2,058.69","2,057.55","2,064.15","2,054.31","-","0.08%"
"May 06, 2016","2,057.14","2,047.77","2,057.72","2,039.45","-","0.32%"
"May 05, 2016","2,050.63","2,052.95","2,060.23","2,045.77","-","-0.02%"
"May 04, 2016","2,051.12","2,060.30","2,060.30","2,045.55","-","-0.59%"
"May 03, 2016","2,063.37","2,077.18","2,077.18","2,054.89","-","-0.87%"
"May 02, 2016","2,081.43","2,067.17","2,083.42","2,066.11","-","0.78%"
"Apr 29, 2016","2,065.30","2,071.82","2,073.85","2,052.28","-","-0.51%"
"Apr 28, 2016","2,075.81","2,090.93","2,099.30","2,071.62","-","-0.92%"
"Apr 27, 2016","2,095.15","2,092.33","2,099.89","2,082.31","-","0.16%"
"Apr 26, 2016","2,091.70","2,089.84","2,096.87","2,085.80","-","0.19%"
"Apr 25, 2016","2,087.79","2,089.37","2,089.37","2,077.52","-","-0.18%"
"Apr 22, 2016","2,091.58","2,091.49","2,094.32","2,081.20","-","0.00%"
"Apr 21, 2016","2,091.48","2,102.09","2,103.78","2,088.52","-","-0.52%"
"Apr 20, 2016","2,102.40","2,101.52","2,111.05","2,096.32","-","0.08%"
"Apr 19, 2016","2,100.80","2,096.05","2,104.05","2,091.68","-","0.31%"
"Apr 18, 2016","2,094.34","2,078.83","2,094.66","2,073.65","-","0.65%"
"Apr 15, 2016","2,080.73","2,083.10","2,083.22","2,076.31","-","-0.10%"
"Apr 14, 2016","2,082.78","2,082.89","2,087.84","2,078.13","-","0.02%"
"Apr 13, 2016","2,082.42","2,065.92","2,083.18","2,065.92","-","1.00%"
"Apr 12, 2016","2,061.72","2,043.72","2,065.05","2,039.74","-","0.97%"
"Apr 11, 2016","2,041.99","2,050.23","2,062.93","2,041.88","-","-0.27%"
"Apr 08, 2016","2,047.60","2,045.54","2,060.63","2,041.69","-","0.28%"
"Apr 07, 2016","2,041.91","2,063.01","2,063.01","2,033.80","-","-1.20%"
"Apr 06, 2016","2,066.66","2,045.56","2,067.33","2,043.09","-","1.05%"
"Apr 05, 2016","2,045.17","2,062.50","2,062.50","2,042.56","-","-1.01%"
"Apr 04, 2016","2,066.13","2,073.19","2,074.02","2,062.57","-","-0.32%"
"Apr 01, 2016","2,072.78","2,056.62","2,075.07","2,043.98","-","0.63%"
"Mar 31, 2016","2,059.74","2,063.77","2,067.92","2,057.46","-","-0.20%"
"Mar 30, 2016","2,063.95","2,058.27","2,072.21","2,058.27","-","0.44%"
"Mar 29, 2016","2,055.01","2,035.75","2,055.91","2,028.31","-","0.88%"
"Mar 28, 2016","2,037.05","2,037.89","2,042.67","2,031.96","-","0.05%"
"Mar 24, 2016","2,035.94","2,032.48","2,036.04","2,022.49","-","-0.04%"
"Mar 23, 2016","2,036.71","2,048.55","2,048.55","2,034.86","-","-0.64%"
"Mar 22, 2016","2,049.80","2,048.64","2,056.60","2,040.57","-","-0.09%"
"Mar 21, 2016","2,051.60","2,047.88","2,053.91","2,043.14","-","0.10%"
"Mar 18, 2016","2,049.58","2,041.16","2,052.36","2,041.16","-","0.44%"
"Mar 17, 2016","2,040.59","2,026.90","2,046.24","2,022.16","-","0.66%"
"Mar 16, 2016","2,027.22","2,014.24","2,032.02","2,010.04","-","0.56%"
"Mar 15, 2016","2,015.93","2,015.27","2,015.94","2,005.23","-","-0.18%"
"Mar 14, 2016","2,019.64","2,019.27","2,024.57","2,012.05","-","-0.13%"
"Mar 11, 2016","2,022.19","1,994.71","2,022.37","1,994.71","-","1.64%"
"Mar 10, 2016","1,989.57","1,990.97","2,005.08","1,969.25","-","0.02%"
"Mar 09, 2016","1,989.26","1,981.44","1,992.69","1,979.84","-","0.51%"
"Mar 08, 2016","1,979.26","1,996.88","1,996.88","1,977.43","-","-1.12%"
"Mar 07, 2016","2,001.76","1,996.11","2,006.12","1,989.38","-","0.09%"
"Mar 04, 2016","1,999.99","1,994.01","2,009.13","1,986.77","-","0.33%"
"Mar 03, 2016","1,993.40","1,985.60","1,993.69","1,977.37","-","0.35%"
"Mar 02, 2016","1,986.45","1,976.60","1,986.51","1,968.80","-","0.41%"
"Mar 01, 2016","1,978.35","1,937.09","1,978.35","1,937.09","-","2.39%"
"Feb 29, 2016","1,932.23","1,947.13","1,958.27","1,931.81","-","-0.81%"
"Feb 26, 2016","1,948.05","1,954.95","1,962.96","1,945.78","-","-0.19%"
"Feb 25, 2016","1,951.70","1,931.87","1,951.83","1,925.41","-","1.13%"
"Feb 24, 2016","1,929.80","1,917.56","1,932.08","1,891.00","-","0.44%"
"Feb 23, 2016","1,921.27","1,942.38","1,942.38","1,919.44","-","-1.25%"
"Feb 22, 2016","1,945.50","1,924.44","1,946.70","1,924.44","-","1.45%"
"Feb 19, 2016","1,917.78","1,916.74","1,918.78","1,902.17","-","-0.00%"
"Feb 18, 2016","1,917.83","1,927.57","1,930.00","1,915.09","-","-0.47%"
"Feb 17, 2016","1,926.82","1,898.80","1,930.68","1,898.80","-","1.65%"
"Feb 16, 2016","1,895.58","1,871.44","1,895.77","1,871.44","-","1.65%"
"Feb 12, 2016","1,864.78","1,833.40","1,864.78","1,833.40","-","1.95%"
"Feb 11, 2016","1,829.08","1,847.00","1,847.00","1,810.10","-","-1.23%"
"Feb 10, 2016","1,851.86","1,857.10","1,881.60","1,850.32","-","-0.02%"
"Feb 09, 2016","1,852.21","1,848.46","1,868.25","1,834.94","-","-0.07%"
"Feb 08, 2016","1,853.44","1,873.25","1,873.25","1,828.46","-","-1.42%"
"Feb 05, 2016","1,880.05","1,913.07","1,913.07","1,872.65","-","-1.85%"
"Feb 04, 2016","1,915.45","1,911.67","1,927.35","1,900.52","-","0.15%"
"Feb 03, 2016","1,912.53","1,907.07","1,918.01","1,872.23","-","0.50%"
"Feb 02, 2016","1,903.03","1,935.26","1,935.26","1,897.29","-","-1.87%"
"Feb 01, 2016","1,939.38","1,936.94","1,947.20","1,920.30","-","-0.04%"
"Jan 29, 2016","1,940.24","1,894.00","1,940.24","1,894.00","-","2.48%"
"Jan 28, 2016","1,893.36","1,885.22","1,902.96","1,873.65","-","0.55%"
"Jan 27, 2016","1,882.95","1,902.52","1,916.99","1,872.70","-","-1.09%"
"Jan 26, 2016","1,903.63","1,878.79","1,906.73","1,878.79","-","1.41%"
"Jan 25, 2016","1,877.08","1,906.28","1,906.28","1,875.97","-","-1.56%"
"Jan 22, 2016","1,906.90","1,877.40","1,908.85","1,877.40","-","2.03%"
"Jan 21, 2016","1,868.99","1,861.46","1,889.85","1,848.98","-","0.52%"
"Jan 20, 2016","1,859.33","1,876.18","1,876.18","1,812.29","-","-1.17%"
"Jan 19, 2016","1,881.33","1,888.66","1,901.44","1,864.60","-","0.05%"
"Jan 15, 2016","1,880.33","1,916.68","1,916.68","1,857.83","-","-2.16%"
"Jan 14, 2016","1,921.84","1,891.68","1,934.47","1,878.93","-","1.67%"
"Jan 13, 2016","1,890.28","1,940.34","1,950.33","1,886.41","-","-2.50%"
"Jan 12, 2016","1,938.68","1,927.83","1,947.38","1,914.35","-","0.78%"
"Jan 11, 2016","1,923.67","1,926.12","1,935.65","1,901.10","-","0.09%"
"Jan 08, 2016","1,922.03","1,945.97","1,960.40","1,918.46","-","-1.08%"
"Jan 07, 2016","1,943.09","1,985.32","1,985.32","1,938.83","-","-2.37%"
"Jan 06, 2016","1,990.26","2,011.71","2,011.71","1,979.05","-","-1.31%"
"Jan 05, 2016","2,016.71","2,013.78","2,021.94","2,004.17","-","0.20%"
"Jan 04, 2016","2,012.66","2,038.20","2,038.20","1,989.68","-","-1.53%"
"Dec 31, 2015","2,043.94","2,060.59","2,062.54","2,043.62","-","-0.94%"
"Dec 30, 2015","2,063.36","2,077.34","2,077.34","2,061.97","-","-0.72%"
"Dec 29, 2015","2,078.36","2,060.54","2,081.56","2,060.54","-","1.06%"
"Dec 28, 2015","2,056.50","2,057.77","2,057.77","2,044.20","-","-0.22%"
"Dec 24, 2015","2,060.99","2,063.52","2,067.36","2,058.73","-","-0.16%"
"Dec 23, 2015","2,064.29","2,042.20","2,064.73","2,042.20","-","1.24%"
"Dec 22, 2015","2,038.97","2,023.15","2,042.74","2,020.49","-","0.88%"
"Dec 21, 2015","2,021.15","2,010.27","2,022.90","2,005.93","-","0.78%"
"Dec 18, 2015","2,005.55","2,040.81","2,040.81","2,005.33","-","-1.78%"
"Dec 17, 2015","2,041.89","2,073.76","2,076.37","2,041.66","-","-1.50%"
"Dec 16, 2015","2,073.07","2,046.50","2,076.72","2,042.43","-","1.45%"
"Dec 15, 2015","2,043.41","2,025.55","2,053.87","2,025.55","-","1.06%"
"Dec 14, 2015","2,021.94","2,013.37","2,022.92","1,993.26","-","0.48%"
"Dec 11, 2015","2,012.37","2,047.27","2,047.27","2,008.80","-","-1.94%"
"Dec 10, 2015","2,052.23","2,047.93","2,067.65","2,045.67","-","0.23%"
"Dec 09, 2015","2,047.62","2,061.17","2,080.33","2,036.53","-","-0.77%"
"Dec 08, 2015","2,063.59","2,073.39","2,073.85","2,052.32","-","-0.65%"
"Dec 07, 2015","2,077.07","2,090.42","2,090.42","2,066.78","-","-0.70%"
"Dec 04, 2015","2,091.69","2,051.24","2,093.84","2,051.24","-","2.05%"
"Dec 03, 2015","2,049.62","2,080.71","2,085.00","2,042.35","-","-1.44%"
"Dec 02, 2015","2,079.51","2,101.71","2,104.27","2,077.11","-","-1.10%"
"Dec 01, 2015","2,102.63","2,082.93","2,103.37","2,082.93","-","1.07%"
"Nov 30, 2015","2,080.41","2,090.95","2,093.81","2,080.41","-","-0.46%"
"Nov 27, 2015","2,090.11","2,088.82","2,093.29","2,084.13","-","0.06%"
"Nov 25, 2015","2,088.87","2,089.30","2,093.00","2,086.30","-","-0.01%"
"Nov 24, 2015","2,089.14","2,084.42","2,094.12","2,070.29","-","0.12%"
"Nov 23, 2015","2,086.59","2,089.41","2,095.61","2,081.39","-","-0.12%"
"Nov 20, 2015","2,089.17","2,082.82","2,097.06","2,082.82","-","0.38%"
"Nov 19, 2015","2,081.24","2,083.70","2,086.74","2,078.76","-","-0.11%"
"Nov 18, 2015","2,083.58","2,051.99","2,085.31","2,051.99","-","1.62%"
"Nov 17, 2015","2,050.44","2,053.67","2,066.69","2,045.90","-","-0.13%"
"Nov 16, 2015","2,053.19","2,022.08","2,053.22","2,019.39","-","1.49%"
"Nov 13, 2015","2,023.04","2,044.64","2,044.64","2,022.02","-","-1.12%"
"Nov 12, 2015","2,045.97","2,072.29","2,072.29","2,045.66","-","-1.40%"
"Nov 11, 2015","2,075.00","2,083.41","2,086.94","2,074.85","-","-0.32%"
"Nov 10, 2015","2,081.72","2,077.19","2,083.67","2,069.91","-","0.15%"
"Nov 09, 2015","2,078.58","2,096.56","2,096.56","2,068.24","-","-0.98%"
"Nov 06, 2015","2,099.20","2,098.60","2,101.91","2,083.74","-","-0.03%"
"Nov 05, 2015","2,099.93","2,101.68","2,108.78","2,090.41","-","-0.11%"
"Nov 04, 2015","2,102.31","2,110.60","2,114.59","2,096.98","-","-0.35%"
"Nov 03, 2015","2,109.79","2,102.63","2,116.48","2,097.51","-","0.27%"
"Nov 02, 2015","2,104.05","2,080.76","2,106.20","2,080.76","-","1.19%"
"Oct 30, 2015","2,079.36","2,090.00","2,094.32","2,079.34","-","-0.48%"
"Oct 29, 2015","2,089.41","2,088.35","2,092.52","2,082.63","-","-0.04%"
"Oct 28, 2015","2,090.35","2,066.48","2,090.35","2,063.11","-","1.18%"
"Oct 27, 2015","2,065.89","2,068.75","2,070.37","2,058.84","-","-0.26%"
"Oct 26, 2015","2,071.18","2,075.08","2,075.14","2,066.53","-","-0.19%"
"Oct 23, 2015","2,075.15","2,058.19","2,079.74","2,058.19","-","1.10%"
"Oct 22, 2015","2,052.51","2,021.88","2,055.20","2,021.88","-","1.66%"
"Oct 21, 2015","2,018.94","2,033.47","2,037.97","2,017.22","-","-0.58%"
"Oct 20, 2015","2,030.77","2,033.13","2,039.12","2,026.61","-","-0.14%"
"Oct 19, 2015","2,033.66","2,031.73","2,034.45","2,022.31","-","0.03%"
"Oct 16, 2015","2,033.11","2,024.37","2,033.54","2,020.46","-","0.46%"
"Oct 15, 2015","2,023.86","1,996.47","2,024.15","1,996.47","-","1.49%"
"Oct 14, 2015","1,994.24","2,003.66","2,009.56","1,990.73","-","-0.47%"
"Oct 13, 2015","2,003.69","2,015.00","2,022.34","2,001.78","-","-0.68%"
"Oct 12, 2015","2,017.46","2,015.65","2,018.66","2,010.55","-","0.13%"
"Oct 09, 2015","2,014.89","2,013.73","2,020.13","2,007.61","-","0.07%"
"Oct 08, 2015","2,013.43","1,994.01","2,016.50","1,987.53","-","0.88%"
"Oct 07, 2015","1,995.83","1,982.34","1,999.31","1,976.44","-","0.80%"
"Oct 06, 2015","1,979.92","1,986.63","1,991.62","1,971.99","-","-0.36%"
"Oct 05, 2015","1,987.05","1,954.33","1,989.17","1,954.33","-","1.83%"
"Oct 02, 2015","1,951.36","1,921.77","1,951.36","1,893.70","-","1.43%"
"Oct 01, 2015","1,923.82","1,919.65","1,927.21","1,900.70","-","0.20%"
"Sep 30, 2015","1,920.03","1,887.14","1,920.53","1,887.14","-","1.91%"
"Sep 29, 2015","1,884.09","1,881.90","1,899.48","1,871.91","-","0.12%"
"Sep 28, 2015","1,881.77","1,929.18","1,929.18","1,879.21","-","-2.57%"
"Sep 25, 2015","1,931.34","1,935.93","1,952.89","1,921.50","-","-0.05%"
"Sep 24, 2015","1,932.24","1,934.81","1,937.17","1,908.92","-","-0.34%"
"Sep 23, 2015","1,938.76","1,943.24","1,949.52","1,932.57","-","-0.20%"
"Sep 22, 2015","1,942.74","1,961.39","1,961.39","1,929.22","-","-1.23%"
"Sep 21, 2015","1,966.97","1,960.84","1,979.64","1,955.80","-","0.46%"
"Sep 18, 2015","1,958.03","1,989.66","1,989.66","1,953.45","-","-1.62%"
"Sep 17, 2015","1,990.20","1,995.33","2,020.86","1,986.73","-","-0.26%"
"Sep 16, 2015","1,995.31","1,978.02","1,997.26","1,977.93","-","0.87%"
"Sep 15, 2015","1,978.09","1,955.10","1,983.19","1,954.30","-","1.28%"
"Sep 14, 2015","1,953.03","1,963.06","1,963.06","1,948.27","-","-0.41%"
"Sep 11, 2015","1,961.05","1,951.45","1,961.05","1,939.19","-","0.45%"
"Sep 10, 2015","1,952.29","1,941.59","1,965.29","1,937.19","-","0.53%"
"Sep 09, 2015","1,942.04","1,971.45","1,988.63","1,937.88","-","-1.39%"
"Sep 08, 2015","1,969.41","1,927.30","1,970.42","1,927.30","-","2.51%"
"Sep 04, 2015","1,921.22","1,947.76","1,947.76","1,911.21","-","-1.53%"
"Sep 03, 2015","1,951.13","1,950.79","1,975.01","1,944.72","-","0.12%"
"Sep 02, 2015","1,948.86","1,916.52","1,948.91","1,916.52","-","1.83%"
"Sep 01, 2015","1,913.85","1,970.09","1,970.09","1,903.07","-","-2.96%"
"Aug 31, 2015","1,972.18","1,986.73","1,986.73","1,965.98","-","-0.84%"
"Aug 28, 2015","1,988.87","1,986.06","1,993.48","1,975.19","-","0.06%"
"Aug 27, 2015","1,987.66","1,942.77","1,989.60","1,942.77","-","2.43%"
"Aug 26, 2015","1,940.51","1,872.75","1,943.09","1,872.75","-","3.90%"
"Aug 25, 2015","1,867.61","1,898.08","1,948.04","1,867.08","-","-1.35%"
"Aug 24, 2015","1,893.21","1,965.15","1,965.15","1,867.01","-","-3.94%"
"Aug 21, 2015","1,970.89","2,034.08","2,034.08","1,970.89","-","-3.19%"
"Aug 20, 2015","2,035.73","2,076.61","2,076.61","2,035.73","-","-2.11%"
"Aug 19, 2015","2,079.61","2,095.69","2,096.17","2,070.53","-","-0.83%"
"Aug 18, 2015","2,096.92","2,101.99","2,103.47","2,094.14","-","-0.26%"
"Aug 17, 2015","2,102.44","2,089.70","2,102.87","2,079.30","-","0.52%"
"Aug 14, 2015","2,091.54","2,083.15","2,092.45","2,080.61","-","0.39%"
"Aug 13, 2015","2,083.39","2,086.19","2,092.93","2,078.26","-","-0.13%"
"Aug 12, 2015","2,086.05","2,081.10","2,089.06","2,052.09","-","0.10%"
"Aug 11, 2015","2,084.07","2,102.66","2,102.66","2,076.49","-","-0.96%"
"Aug 10, 2015","2,104.18","2,080.98","2,105.35","2,080.98","-","1.28%"
"Aug 07, 2015","2,077.57","2,082.61","2,082.61","2,067.91","-","-0.29%"
"Aug 06, 2015","2,083.56","2,100.75","2,103.32","2,075.53","-","-0.78%"
"Aug 05, 2015","2,099.84","2,095.27","2,112.66","2,095.27","-","0.31%"
"Aug 04, 2015","2,093.32","2,097.68","2,102.51","2,088.60","-","-0.22%"
"Aug 03, 2015","2,098.04","2,104.49","2,105.70","2,087.31","-","-0.28%"
"Jul 31, 2015","2,103.84","2,111.60","2,114.24","2,102.07","-","-0.23%"
"Jul 30, 2015","2,108.63","2,106.78","2,110.48","2,094.97","-","0.00%"
"Jul 29, 2015","2,108.57","2,094.70","2,110.60","2,094.08","-","0.73%"
"Jul 28, 2015","2,093.25","2,070.75","2,095.60","2,069.09","-","1.24%"
"Jul 27, 2015","2,067.64","2,078.19","2,078.19","2,063.52","-","-0.58%"
"Jul 24, 2015","2,079.65","2,102.24","2,106.01","2,077.09","-","-1.07%"
"Jul 23, 2015","2,102.15","2,114.16","2,116.87","2,098.63","-","-0.57%"
"Jul 22, 2015","2,114.15","2,118.21","2,118.51","2,110.00","-","-0.24%"
"Jul 21, 2015","2,119.21","2,127.55","2,128.49","2,115.40","-","-0.43%"
"Jul 20, 2015","2,128.28","2,126.85","2,132.82","2,123.65","-","0.08%"
"Jul 17, 2015","2,126.64","2,126.80","2,128.91","2,119.88","-","0.11%"
"Jul 16, 2015","2,124.29","2,110.55","2,124.42","2,110.55","-","0.80%"
"Jul 15, 2015","2,107.40","2,109.01","2,114.14","2,102.49","-","-0.07%"
"Jul 14, 2015","2,108.95","2,099.72","2,111.98","2,098.18","-","0.45%"
"Jul 13, 2015","2,099.60","2,080.03","2,100.67","2,080.03","-","1.11%"
"Jul 10, 2015","2,076.62","2,052.74","2,081.31","2,052.74","-","1.23%"
"Jul 09, 2015","2,051.31","2,049.73","2,074.28","2,049.73","-","0.23%"
"Jul 08, 2015","2,046.68","2,077.66","2,077.66","2,044.66","-","-1.67%"
"Jul 07, 2015","2,081.34","2,069.52","2,083.74","2,044.02","-","0.61%"
"Jul 06, 2015","2,068.76","2,073.95","2,078.61","2,058.40","-","-0.39%"
"Jul 02, 2015","2,076.78","2,078.03","2,085.06","2,071.02","-","-0.03%"
"Jul 01, 2015","2,077.42","2,067.00","2,082.78","2,067.00","-","0.69%"
"Jun 30, 2015","2,063.11","2,061.19","2,074.28","2,056.32","-","0.27%"
"Jun 29, 2015","2,057.64","2,098.63","2,098.63","2,056.64","-","-2.09%"
"Jun 26, 2015","2,101.49","2,102.62","2,108.92","2,095.38","-","-0.04%"
"Jun 25, 2015","2,102.31","2,109.96","2,116.04","2,101.78","-","-0.30%"
"Jun 24, 2015","2,108.58","2,123.65","2,125.10","2,108.58","-","-0.74%"
"Jun 23, 2015","2,124.20","2,123.16","2,128.03","2,119.89","-","0.06%"
"Jun 22, 2015","2,122.85","2,112.50","2,129.87","2,112.50","-","0.61%"
"Jun 19, 2015","2,109.99","2,121.06","2,121.64","2,109.45","-","-0.53%"
"Jun 18, 2015","2,121.24","2,101.58","2,126.65","2,101.58","-","0.99%"
"Jun 17, 2015","2,100.44","2,097.40","2,106.79","2,088.86","-","0.20%"
"Jun 16, 2015","2,096.29","2,084.26","2,097.40","2,082.10","-","0.57%"
"Jun 15, 2015","2,084.43","2,091.34","2,091.34","2,072.49","-","-0.46%"
"Jun 12, 2015","2,094.11","2,107.43","2,107.43","2,091.33","-","-0.70%"
"Jun 11, 2015","2,108.86","2,106.24","2,115.02","2,106.24","-","0.17%"
"Jun 10, 2015","2,105.20","2,081.12","2,108.50","2,081.12","-","1.20%"
"Jun 09, 2015","2,080.15","2,079.07","2,085.62","2,072.14","-","0.04%"
"Jun 08, 2015","2,079.28","2,092.34","2,093.01","2,079.11","-","-0.65%"
"Jun 05, 2015","2,092.83","2,095.09","2,100.99","2,085.67","-","-0.14%"
"Jun 04, 2015","2,095.84","2,112.35","2,112.89","2,093.23","-","-0.86%"
"Jun 03, 2015","2,114.07","2,110.64","2,121.92","2,109.61","-","0.21%"
"Jun 02, 2015","2,109.60","2,110.41","2,117.59","2,099.14","-","-0.10%"
"Jun 01, 2015","2,111.73","2,108.64","2,119.15","2,102.54","-","0.21%"
"May 29, 2015","2,107.39","2,120.66","2,120.66","2,104.89","-","-0.63%"
"May 28, 2015","2,120.79","2,122.27","2,122.27","2,112.86","-","-0.13%"
"May 27, 2015","2,123.48","2,105.13","2,126.22","2,105.13","-","0.92%"
"May 26, 2015","2,104.20","2,125.34","2,125.34","2,099.18","-","-1.03%"
"May 22, 2015","2,126.06","2,130.36","2,132.15","2,126.06","-","-0.22%"
"May 21, 2015","2,130.82","2,125.55","2,134.28","2,122.95","-","0.23%"
"May 20, 2015","2,125.85","2,127.79","2,134.72","2,122.59","-","-0.09%"
"May 19, 2015","2,127.83","2,129.45","2,133.02","2,124.50","-","-0.06%"
"May 18, 2015","2,129.20","2,121.30","2,131.78","2,120.01","-","0.30%"
"May 15, 2015","2,122.73","2,122.07","2,123.89","2,116.79","-","0.08%"
"May 14, 2015","2,121.10","2,100.43","2,121.45","2,100.43","-","1.08%"
"May 13, 2015","2,098.48","2,099.62","2,110.19","2,096.04","-","-0.03%"
"May 12, 2015","2,099.12","2,102.87","2,105.06","2,085.57","-","-0.29%"
"May 11, 2015","2,105.33","2,115.56","2,117.69","2,104.58","-","-0.51%"
"May 08, 2015","2,116.10","2,092.13","2,117.66","2,092.13","-","1.35%"
"May 07, 2015","2,088.00","2,079.96","2,092.90","2,074.99","-","0.38%"
"May 06, 2015","2,080.15","2,091.26","2,098.42","2,067.93","-","-0.45%"
"May 05, 2015","2,089.46","2,112.63","2,115.24","2,088.46","-","-1.18%"
"May 04, 2015","2,114.49","2,110.23","2,120.95","2,110.23","-","0.29%"
"May 01, 2015","2,108.29","2,087.38","2,108.41","2,087.38","-","1.09%"
"Apr 30, 2015","2,085.51","2,105.52","2,105.52","2,077.59","-","-1.01%"
"Apr 29, 2015","2,106.85","2,112.49","2,113.65","2,097.41","-","-0.37%"
"Apr 28, 2015","2,114.76","2,108.35","2,116.09","2,094.89","-","0.28%"
"Apr 27, 2015","2,108.92","2,119.29","2,125.92","2,107.04","-","-0.41%"
"Apr 24, 2015","2,117.69","2,112.80","2,120.92","2,112.80","-","0.23%"
"Apr 23, 2015","2,112.93","2,107.21","2,120.49","2,103.19","-","0.24%"
"Apr 22, 2015","2,107.96","2,098.27","2,109.98","2,091.05","-","0.51%"
"Apr 21, 2015","2,097.29","2,102.82","2,109.64","2,094.38","-","-0.15%"
"Apr 20, 2015","2,100.40","2,084.11","2,103.94","2,084.11","-","0.92%"
"Apr 17, 2015","2,081.18","2,102.58","2,102.58","2,072.37","-","-1.13%"
"Apr 16, 2015","2,104.99","2,105.96","2,111.30","2,100.02","-","-0.08%"
"Apr 15, 2015","2,106.63","2,097.82","2,111.91","2,097.82","-","0.51%"
"Apr 14, 2015","2,095.84","2,092.28","2,098.62","2,083.24","-","0.16%"
"Apr 13, 2015","2,092.43","2,102.03","2,107.65","2,092.33","-","-0.46%"
"Apr 10, 2015","2,102.06","2,091.51","2,102.61","2,091.51","-","0.52%"
"Apr 09, 2015","2,091.18","2,081.29","2,093.31","2,074.29","-","0.45%"
"Apr 08, 2015","2,081.90","2,076.94","2,086.69","2,073.30","-","0.27%"
"Apr 07, 2015","2,076.33","2,080.79","2,089.81","2,076.10","-","-0.21%"
"Apr 06, 2015","2,080.62","2,064.87","2,086.99","2,056.52","-","0.66%"
"Apr 02, 2015","2,066.96","2,060.03","2,072.17","2,057.32","-","0.35%"
"Apr 01, 2015","2,059.69","2,067.63","2,067.63","2,048.38","-","-0.40%"
"Mar 31, 2015","2,067.89","2,084.05","2,084.05","2,067.04","-","-0.88%"
"Mar 30, 2015","2,086.24","2,064.11","2,088.97","2,064.11","-","1.22%"
"Mar 27, 2015","2,061.02","2,055.78","2,062.83","2,052.96","-","0.24%"
"Mar 26, 2015","2,056.15","2,059.94","2,067.15","2,045.50","-","-0.24%"
"Mar 25, 2015","2,061.05","2,093.10","2,097.43","2,061.05","-","-1.46%"
"Mar 24, 2015","2,091.50","2,103.94","2,107.63","2,091.50","-","-0.61%"
"Mar 23, 2015","2,104.42","2,107.99","2,114.86","2,104.42","-","-0.17%"
"Mar 20, 2015","2,108.10","2,090.32","2,113.92","2,090.32","-","0.90%"
"Mar 19, 2015","2,089.27","2,098.69","2,098.69","2,085.56","-","-0.49%"
"Mar 18, 2015","2,099.50","2,072.84","2,106.85","2,061.23","-","1.22%"
"Mar 17, 2015","2,074.28","2,080.59","2,080.59","2,065.08","-","-0.33%"
"Mar 16, 2015","2,081.19","2,055.35","2,081.41","2,055.35","-","1.35%"
"Mar 13, 2015","2,053.40","2,064.56","2,064.56","2,041.17","-","-0.61%"
"Mar 12, 2015","2,065.95","2,041.10","2,066.41","2,041.10","-","1.26%"
"Mar 11, 2015","2,040.24","2,044.69","2,050.08","2,039.69","-","-0.19%"
"Mar 10, 2015","2,044.16","2,076.14","2,076.14","2,044.16","-","-1.70%"
"Mar 09, 2015","2,079.43","2,072.25","2,083.49","2,072.21","-","0.39%"
"Mar 06, 2015","2,071.26","2,100.91","2,100.91","2,067.27","-","-1.42%"
"Mar 05, 2015","2,101.04","2,098.54","2,104.25","2,095.22","-","0.12%"
"Mar 04, 2015","2,098.53","2,107.72","2,107.72","2,087.62","-","-0.44%"
"Mar 03, 2015","2,107.78","2,115.76","2,115.76","2,098.26","-","-0.45%"
"Mar 02, 2015","2,117.39","2,105.23","2,117.52","2,104.50","-","0.61%"
"Feb 27, 2015","2,104.50","2,110.88","2,112.74","2,103.75","-","-0.30%"
"Feb 26, 2015","2,110.74","2,113.91","2,113.91","2,103.76","-","-0.15%"
"Feb 25, 2015","2,113.86","2,115.30","2,119.59","2,109.89","-","-0.08%"
"Feb 24, 2015","2,115.48","2,109.10","2,117.94","2,105.87","-","0.28%"
"Feb 23, 2015","2,109.66","2,109.83","2,110.05","2,103.00","-","-0.03%"
"Feb 20, 2015","2,110.30","2,097.65","2,110.61","2,085.44","-","0.61%"
"Feb 19, 2015","2,097.45","2,099.25","2,102.13","2,090.79","-","-0.11%"
"Feb 18, 2015","2,099.68","2,099.16","2,100.23","2,092.15","-","-0.03%"
"Feb 17, 2015","2,100.34","2,096.47","2,101.30","2,089.80","-","0.16%"
"Feb 13, 2015","2,096.99","2,088.78","2,097.03","2,086.70","-","0.41%"
"Feb 12, 2015","2,088.48","2,069.98","2,088.53","2,069.98","-","0.96%"
"Feb 11, 2015","2,068.53","2,068.55","2,073.48","2,057.99","-","-0.00%"
"Feb 10, 2015","2,068.59","2,049.38","2,070.86","2,048.62","-","1.07%"
"Feb 09, 2015","2,046.74","2,053.47","2,056.16","2,041.88","-","-0.42%"
"Feb 06, 2015","2,055.47","2,062.28","2,072.40","2,049.97","-","-0.34%"
"Feb 05, 2015","2,062.52","2,043.45","2,063.55","2,043.45","-","1.03%"
"Feb 04, 2015","2,041.51","2,048.86","2,054.74","2,036.72","-","-0.42%"
"Feb 03, 2015","2,050.03","2,022.71","2,050.30","2,022.71","-","1.44%"
"Feb 02, 2015","2,020.85","1,996.67","2,021.66","1,980.90","-","1.30%"
"Jan 30, 2015","1,994.99","2,019.35","2,023.32","1,993.38","-","-1.30%"
"Jan 29, 2015","2,021.25","2,002.45","2,024.64","1,989.18","-","0.95%"
"Jan 28, 2015","2,002.16","2,032.34","2,042.49","2,001.49","-","-1.35%"
"Jan 27, 2015","2,029.55","2,047.86","2,047.86","2,019.91","-","-1.34%"
"Jan 26, 2015","2,057.09","2,050.42","2,057.62","2,040.97","-","0.26%"
"Jan 23, 2015","2,051.82","2,062.98","2,062.98","2,050.54","-","-0.55%"
"Jan 22, 2015","2,063.15","2,034.30","2,064.62","2,026.38","-","1.53%"
"Jan 21, 2015","2,032.12","2,020.19","2,038.29","2,012.04","-","0.47%"
"Jan 20, 2015","2,022.55","2,020.76","2,028.94","2,004.49","-","0.15%"
"Jan 16, 2015","2,019.42","1,992.25","2,020.46","1,988.12","-","1.34%"
"Jan 15, 2015","1,992.67","2,013.75","2,021.35","1,991.47","-","-0.92%"
"Jan 14, 2015","2,011.27","2,018.40","2,018.40","1,988.44","-","-0.58%"
"Jan 13, 2015","2,023.03","2,031.58","2,056.93","2,008.25","-","-0.26%"
"Jan 12, 2015","2,028.26","2,046.13","2,049.30","2,022.58","-","-0.81%"
"Jan 09, 2015","2,044.81","2,063.45","2,064.43","2,038.33","-","-0.84%"
"Jan 08, 2015","2,062.14","2,030.61","2,064.08","2,030.61","-","1.79%"
"Jan 07, 2015","2,025.90","2,005.55","2,029.61","2,005.55","-","1.16%"
"Jan 06, 2015","2,002.61","2,022.15","2,030.25","1,992.44","-","-0.89%"
"Jan 05, 2015","2,020.58","2,054.44","2,054.44","2,017.34","-","-1.83%"
"Jan 02, 2015","2,058.20","2,058.90","2,072.36","2,046.04","-","-0.03%"
"Dec 31, 2014","2,058.90","2,082.11","2,085.58","2,057.94","-","-1.03%"
"Dec 30, 2014","2,080.35","2,088.49","2,088.49","2,079.53","-","-0.49%"
"Dec 29, 2014","2,090.57","2,087.63","2,093.55","2,085.75","-","0.09%"
"Dec 26, 2014","2,088.77","2,084.30","2,092.70","2,084.30","-","0.33%"
"Dec 24, 2014","2,081.88","2,083.25","2,087.56","2,081.86","-","-0.01%"
"Dec 23, 2014","2,082.17","2,081.48","2,086.73","2,079.77","-","0.17%"
"Dec 22, 2014","2,078.54","2,069.28","2,078.76","2,069.28","-","0.38%"
"Dec 19, 2014","2,070.65","2,061.04","2,077.85","2,061.03","-","0.46%"
"Dec 18, 2014","2,061.23","2,018.98","2,061.23","2,018.98","-","2.40%"
"Dec 17, 2014","2,012.89","1,973.77","2,016.75","1,973.77","-","2.04%"
"Dec 16, 2014","1,972.74","1,986.71","2,016.89","1,972.56","-","-0.85%"
"Dec 15, 2014","1,989.63","2,005.03","2,018.69","1,982.26","-","-0.63%"
"Dec 12, 2014","2,002.33","2,030.36","2,032.25","2,002.33","-","-1.62%"
"Dec 11, 2014","2,035.33","2,027.92","2,055.53","2,027.92","-","0.45%"
"Dec 10, 2014","2,026.14","2,058.86","2,058.86","2,024.26","-","-1.64%"
"Dec 09, 2014","2,059.82","2,056.55","2,060.60","2,034.17","-","-0.02%"
"Dec 08, 2014","2,060.31","2,074.84","2,075.78","2,054.27","-","-0.73%"
"Dec 05, 2014","2,075.37","2,072.78","2,079.47","2,070.81","-","0.17%"
"Dec 04, 2014","2,071.92","2,073.64","2,077.34","2,062.34","-","-0.12%"
"Dec 03, 2014","2,074.33","2,067.45","2,076.28","2,066.65","-","0.38%"
"Dec 02, 2014","2,066.55","2,053.77","2,068.77","2,053.77","-","0.64%"
"Dec 01, 2014","2,053.44","2,065.78","2,065.78","2,049.57","-","-0.68%"
"Nov 28, 2014","2,067.56","2,074.78","2,075.76","2,065.06","-","-0.25%"
"Nov 26, 2014","2,072.83","2,067.36","2,073.29","2,066.62","-","0.28%"
"Nov 25, 2014","2,067.03","2,070.15","2,074.21","2,064.75","-","-0.12%"
"Nov 24, 2014","2,069.41","2,065.07","2,070.17","2,065.07","-","0.29%"
"Nov 21, 2014","2,063.50","2,057.46","2,071.46","2,056.75","-","0.52%"
"Nov 20, 2014","2,052.75","2,045.87","2,053.84","2,040.49","-","0.20%"
"Nov 19, 2014","2,048.72","2,051.16","2,052.14","2,040.37","-","-0.15%"
"Nov 18, 2014","2,051.80","2,041.48","2,056.08","2,041.48","-","0.51%"
"Nov 17, 2014","2,041.32","2,038.29","2,043.07","2,034.46","-","0.07%"
"Nov 14, 2014","2,039.82","2,039.74","2,042.22","2,035.20","-","0.02%"
"Nov 13, 2014","2,039.33","2,039.21","2,046.18","2,030.44","-","0.05%"
"Nov 12, 2014","2,038.25","2,037.75","2,040.33","2,031.95","-","-0.07%"
"Nov 11, 2014","2,039.68","2,038.20","2,041.28","2,035.28","-","0.07%"
"Nov 10, 2014","2,038.26","2,032.01","2,038.70","2,030.17","-","0.31%"
"Nov 07, 2014","2,031.92","2,032.36","2,034.26","2,025.07","-","0.03%"
"Nov 06, 2014","2,031.21","2,023.33","2,031.61","2,015.86","-","0.38%"
"Nov 05, 2014","2,023.57","2,015.29","2,023.77","2,014.42","-","0.57%"
"Nov 04, 2014","2,012.10","2,015.81","2,015.98","2,001.01","-","-0.28%"
"Nov 03, 2014","2,017.81","2,018.21","2,024.46","2,013.68","-","-0.01%"
"Oct 31, 2014","2,018.05","2,001.20","2,018.19","2,001.20","-","1.17%"
"Oct 30, 2014","1,994.65","1,979.49","1,999.40","1,974.75","-","0.62%"
"Oct 29, 2014","1,982.30","1,983.29","1,991.40","1,969.04","-","-0.14%"
"Oct 28, 2014","1,985.05","1,964.14","1,985.05","1,964.14","-","1.19%"
"Oct 27, 2014","1,961.63","1,962.97","1,964.64","1,951.37","-","-0.15%"
"Oct 24, 2014","1,964.58","1,951.59","1,965.27","1,946.27","-","0.71%"
"Oct 23, 2014","1,950.82","1,931.02","1,961.95","1,931.02","-","1.23%"
"Oct 22, 2014","1,927.11","1,941.29","1,949.31","1,926.83","-","-0.73%"
"Oct 21, 2014","1,941.28","1,909.38","1,942.45","1,909.38","-","1.96%"
"Oct 20, 2014","1,904.01","1,885.62","1,905.03","1,882.30","-","0.91%"
"Oct 17, 2014","1,886.76","1,864.91","1,898.16","1,864.91","-","1.29%"
"Oct 16, 2014","1,862.76","1,855.95","1,876.01","1,835.02","-","0.01%"
"Oct 15, 2014","1,862.49","1,874.18","1,874.18","1,820.66","-","-0.81%"
"Oct 14, 2014","1,877.70","1,877.11","1,898.71","1,871.79","-","0.16%"
"Oct 13, 2014","1,874.74","1,905.65","1,912.09","1,874.14","-","-1.65%"
"Oct 10, 2014","1,906.13","1,925.63","1,936.98","1,906.05","-","-1.15%"
"Oct 09, 2014","1,928.21","1,967.68","1,967.68","1,927.56","-","-2.07%"
"Oct 08, 2014","1,968.89","1,935.55","1,970.36","1,925.25","-","1.75%"
"Oct 07, 2014","1,935.10","1,962.36","1,962.36","1,934.87","-","-1.51%"
"Oct 06, 2014","1,964.82","1,970.01","1,977.84","1,958.43","-","-0.16%"
"Oct 03, 2014","1,967.90","1,948.12","1,971.19","1,948.12","-","1.12%"
"Oct 02, 2014","1,946.17","1,945.83","1,952.32","1,926.03","-","0.00%"
"Oct 01, 2014","1,946.16","1,971.44","1,971.44","1,941.72","-","-1.32%"
"Sep 30, 2014","1,972.29","1,978.21","1,985.17","1,968.96","-","-0.28%"
"Sep 29, 2014","1,977.80","1,978.96","1,981.28","1,964.04","-","-0.25%"
"Sep 26, 2014","1,982.85","1,966.22","1,986.37","1,966.22","-","0.86%"
"Sep 25, 2014","1,965.99","1,997.32","1,997.32","1,965.99","-","-1.62%"
"Sep 24, 2014","1,998.30","1,983.34","1,999.79","1,978.63","-","0.78%"
"Sep 23, 2014","1,982.77","1,992.78","1,995.41","1,982.77","-","-0.58%"
"Sep 22, 2014","1,994.29","2,009.08","2,009.08","1,991.01","-","-0.80%"
"Sep 19, 2014","2,010.40","2,012.74","2,019.26","2,006.59","-","-0.05%"
"Sep 18, 2014","2,011.36","2,003.07","2,012.34","2,003.07","-","0.49%"
"Sep 17, 2014","2,001.57","1,999.30","2,010.74","1,993.29","-","0.13%"
"Sep 16, 2014","1,998.98","1,981.93","2,002.28","1,979.06","-","0.75%"
"Sep 15, 2014","1,984.13","1,986.04","1,987.18","1,978.48","-","-0.07%"
"Sep 12, 2014","1,985.54","1,996.74","1,996.74","1,980.26","-","-0.60%"
"Sep 11, 2014","1,997.45","1,992.85","1,997.65","1,985.93","-","0.09%"
"Sep 10, 2014","1,995.69","1,988.41","1,996.66","1,982.99","-","0.36%"
"Sep 09, 2014","1,988.44","2,000.73","2,001.01","1,984.61","-","-0.65%"
"Sep 08, 2014","2,001.54","2,007.17","2,007.17","1,995.60","-","-0.31%"
"Sep 05, 2014","2,007.71","1,998.00","2,007.71","1,990.10","-","0.50%"
"Sep 04, 2014","1,997.65","2,001.67","2,011.17","1,992.54","-","-0.15%"
"Sep 03, 2014","2,000.72","2,003.57","2,009.28","1,998.14","-","-0.08%"
"Sep 02, 2014","2,002.28","2,004.07","2,006.12","1,994.85","-","-0.05%"
"Aug 29, 2014","2,003.37","1,998.45","2,003.38","1,994.65","-","0.33%"
"Aug 28, 2014","1,996.74","1,997.42","1,998.55","1,990.52","-","-0.17%"
"Aug 27, 2014","2,000.12","2,000.54","2,002.14","1,996.20","-","0.00%"
"Aug 26, 2014","2,000.02","1,998.59","2,005.04","1,998.59","-","0.11%"
"Aug 25, 2014","1,997.92","1,991.74","2,001.95","1,991.74","-","0.48%"
"Aug 22, 2014","1,988.40","1,992.60","1,993.54","1,984.76","-","-0.20%"
"Aug 21, 2014","1,992.37","1,986.82","1,994.76","1,986.82","-","0.29%"
"Aug 20, 2014","1,986.51","1,980.46","1,988.57","1,977.68","-","0.25%"
"Aug 19, 2014","1,981.60","1,972.73","1,982.57","1,972.73","-","0.50%"
"Aug 18, 2014","1,971.74","1,958.36","1,971.99","1,958.36","-","0.85%"
"Aug 15, 2014","1,955.06","1,958.87","1,964.04","1,941.50","-","-0.01%"
"Aug 14, 2014","1,955.18","1,947.41","1,955.23","1,947.41","-","0.43%"
"Aug 13, 2014","1,946.72","1,935.60","1,948.41","1,935.60","-","0.67%"
"Aug 12, 2014","1,933.75","1,935.73","1,939.65","1,928.29","-","-0.16%"
"Aug 11, 2014","1,936.92","1,933.43","1,944.90","1,933.43","-","0.28%"
"Aug 08, 2014","1,931.59","1,910.35","1,932.38","1,909.01","-","1.15%"
"Aug 07, 2014","1,909.57","1,923.03","1,928.89","1,904.78","-","-0.56%"
"Aug 06, 2014","1,920.24","1,917.29","1,927.91","1,911.45","-","0.00%"
"Aug 05, 2014","1,920.21","1,936.34","1,936.34","1,913.77","-","-0.97%"
"Aug 04, 2014","1,938.99","1,926.62","1,942.92","1,921.20","-","0.72%"
"Aug 01, 2014","1,925.15","1,929.80","1,937.35","1,916.37","-","-0.29%"
"Jul 31, 2014","1,930.67","1,965.14","1,965.14","1,930.67","-","-2.00%"
"Jul 30, 2014","1,970.07","1,973.21","1,978.90","1,962.42","-","0.01%"
"Jul 29, 2014","1,969.95","1,980.03","1,984.85","1,969.95","-","-0.45%"
"Jul 28, 2014","1,978.91","1,978.25","1,981.52","1,967.31","-","0.03%"
"Jul 25, 2014","1,978.34","1,984.60","1,984.60","1,974.37","-","-0.48%"
"Jul 24, 2014","1,987.98","1,988.07","1,991.39","1,985.79","-","0.05%"
"Jul 23, 2014","1,987.01","1,985.32","1,989.23","1,982.44","-","0.18%"
"Jul 22, 2014","1,983.53","1,975.65","1,986.24","1,975.65","-","0.50%"
"Jul 21, 2014","1,973.63","1,976.93","1,976.93","1,965.77","-","-0.23%"
"Jul 18, 2014","1,978.22","1,961.54","1,979.91","1,960.82","-","1.03%"
"Jul 17, 2014","1,958.12","1,979.75","1,981.80","1,955.59","-","-1.18%"
"Jul 16, 2014","1,981.57","1,976.35","1,983.94","1,975.67","-","0.42%"
"Jul 15, 2014","1,973.28","1,977.36","1,982.52","1,965.34","-","-0.19%"
"Jul 14, 2014","1,977.10","1,969.86","1,979.85","1,969.86","-","0.48%"
"Jul 11, 2014","1,967.57","1,965.76","1,968.67","1,959.63","-","0.15%"
"Jul 10, 2014","1,964.68","1,966.67","1,969.84","1,952.86","-","-0.41%"
"Jul 09, 2014","1,972.83","1,965.10","1,974.15","1,965.10","-","0.46%"
"Jul 08, 2014","1,963.71","1,976.39","1,976.39","1,959.46","-","-0.70%"
"Jul 07, 2014","1,977.65","1,984.22","1,984.22","1,974.88","-","-0.39%"
"Jul 03, 2014","1,985.44","1,975.88","1,985.59","1,975.88","-","0.55%"
"Jul 02, 2014","1,974.62","1,973.06","1,976.67","1,972.58","-","0.07%"
"Jul 01, 2014","1,973.32","1,962.29","1,978.58","1,962.29","-","0.67%"
"Jun 30, 2014","1,960.23","1,960.79","1,964.24","1,958.22","-","-0.04%"
"Jun 27, 2014","1,960.96","1,956.56","1,961.47","1,952.18","-","0.19%"
"Jun 26, 2014","1,957.22","1,959.89","1,959.89","1,944.69","-","-0.12%"
"Jun 25, 2014","1,959.53","1,949.27","1,960.83","1,947.49","-","0.49%"
"Jun 24, 2014","1,949.98","1,961.97","1,968.17","1,948.34","-","-0.64%"
"Jun 23, 2014","1,962.61","1,962.92","1,963.74","1,958.89","-","-0.01%"
"Jun 20, 2014","1,962.87","1,960.45","1,963.91","1,959.17","-","0.17%"
"Jun 19, 2014","1,959.48","1,957.50","1,959.87","1,952.26","-","0.13%"
"Jun 18, 2014","1,956.98","1,942.73","1,957.74","1,939.29","-","0.77%"
"Jun 17, 2014","1,941.99","1,937.15","1,943.69","1,933.55","-","0.22%"
"Jun 16, 2014","1,937.78","1,934.84","1,941.15","1,930.91","-","0.08%"
"Jun 13, 2014","1,936.16","1,930.80","1,937.30","1,927.69","-","0.31%"
"Jun 12, 2014","1,930.11","1,943.35","1,943.35","1,925.78","-","-0.71%"
"Jun 11, 2014","1,943.89","1,949.37","1,949.37","1,940.08","-","-0.35%"
"Jun 10, 2014","1,950.79","1,950.34","1,950.86","1,944.64","-","-0.02%"
"Jun 09, 2014","1,951.27","1,948.97","1,955.55","1,947.16","-","0.09%"
"Jun 06, 2014","1,949.44","1,942.41","1,949.44","1,942.41","-","0.46%"
"Jun 05, 2014","1,940.46","1,928.52","1,941.74","1,922.93","-","0.65%"
"Jun 04, 2014","1,927.88","1,923.06","1,928.63","1,918.60","-","0.19%"
"Jun 03, 2014","1,924.24","1,923.07","1,925.07","1,918.79","-","-0.04%"
"Jun 02, 2014","1,924.97","1,923.87","1,925.88","1,915.98","-","0.07%"
"May 30, 2014","1,923.57","1,920.33","1,924.03","1,916.64","-","0.18%"
"May 29, 2014","1,920.03","1,910.60","1,920.03","1,909.82","-","0.54%"
"May 28, 2014","1,909.78","1,911.77","1,914.46","1,907.30","-","-0.11%"
"May 27, 2014","1,911.91","1,902.01","1,912.28","1,902.01","-","0.60%"
"May 23, 2014","1,900.53","1,893.32","1,901.26","1,893.32","-","0.42%"
"May 22, 2014","1,892.49","1,888.19","1,896.33","1,885.39","-","0.24%"
"May 21, 2014","1,888.03","1,873.34","1,888.80","1,873.34","-","0.81%"
"May 20, 2014","1,872.83","1,884.88","1,884.88","1,868.14","-","-0.65%"
"May 19, 2014","1,885.08","1,876.66","1,886.00","1,872.42","-","0.38%"
"May 16, 2014","1,877.86","1,871.19","1,878.28","1,864.82","-","0.37%"
"May 15, 2014","1,870.85","1,888.16","1,888.16","1,862.36","-","-0.94%"
"May 14, 2014","1,888.53","1,897.13","1,897.13","1,885.77","-","-0.47%"
"May 13, 2014","1,897.45","1,896.75","1,902.17","1,896.06","-","0.04%"
"May 12, 2014","1,896.65","1,880.03","1,897.13","1,880.03","-","0.97%"
"May 09, 2014","1,878.48","1,875.27","1,878.57","1,867.02","-","0.15%"
"May 08, 2014","1,875.63","1,877.39","1,889.07","1,870.05","-","-0.14%"
"May 07, 2014","1,878.21","1,868.53","1,878.83","1,859.79","-","0.56%"
"May 06, 2014","1,867.72","1,883.69","1,883.69","1,867.72","-","-0.90%"
"May 05, 2014","1,884.66","1,879.45","1,885.51","1,866.77","-","0.19%"
"May 02, 2014","1,881.14","1,885.30","1,891.33","1,878.50","-","-0.13%"
"May 01, 2014","1,883.68","1,884.39","1,888.59","1,878.04","-","-0.01%"
"Apr 30, 2014","1,883.95","1,877.10","1,885.20","1,872.69","-","0.30%"
"Apr 29, 2014","1,878.33","1,870.78","1,880.60","1,870.78","-","0.48%"
"Apr 28, 2014","1,869.43","1,865.00","1,877.01","1,850.61","-","0.32%"
"Apr 25, 2014","1,863.40","1,877.72","1,877.72","1,859.70","-","-0.81%"
"Apr 24, 2014","1,878.61","1,881.97","1,884.06","1,870.24","-","0.17%"
"Apr 23, 2014","1,875.39","1,879.32","1,879.75","1,873.91","-","-0.22%"
"Apr 22, 2014","1,879.55","1,872.57","1,884.89","1,872.57","-","0.41%"
"Apr 21, 2014","1,871.89","1,865.79","1,871.89","1,863.18","-","0.38%"
"Apr 17, 2014","1,864.85","1,861.73","1,869.63","1,856.72","-","0.14%"
"Apr 16, 2014","1,862.31","1,846.01","1,862.31","1,846.01","-","1.05%"
"Apr 15, 2014","1,842.98","1,831.45","1,844.02","1,816.29","-","0.68%"
"Apr 14, 2014","1,830.61","1,818.18","1,834.19","1,815.80","-","0.82%"
"Apr 11, 2014","1,815.69","1,830.65","1,835.07","1,814.36","-","-0.95%"
"Apr 10, 2014","1,833.08","1,872.28","1,872.53","1,830.87","-","-2.09%"
"Apr 09, 2014","1,872.18","1,852.64","1,872.43","1,852.38","-","1.09%"
"Apr 08, 2014","1,851.96","1,845.48","1,854.95","1,837.49","-","0.38%"
"Apr 07, 2014","1,845.04","1,863.92","1,864.04","1,841.48","-","-1.08%"
"Apr 04, 2014","1,865.09","1,890.25","1,897.28","1,863.26","-","-1.25%"
"Apr 03, 2014","1,888.77","1,891.43","1,893.80","1,882.65","-","-0.11%"
"Apr 02, 2014","1,890.90","1,886.61","1,893.17","1,883.79","-","0.29%"
"Apr 01, 2014","1,885.52","1,873.96","1,885.84","1,873.96","-","0.70%"
"Mar 31, 2014","1,872.34","1,859.16","1,875.18","1,859.16","-","0.79%"
"Mar 28, 2014","1,857.62","1,850.07","1,866.63","1,850.07","-","0.46%"
"Mar 27, 2014","1,849.04","1,852.11","1,855.55","1,842.11","-","-0.19%"
"Mar 26, 2014","1,852.56","1,867.09","1,875.92","1,852.56","-","-0.70%"
"Mar 25, 2014","1,865.62","1,859.48","1,871.87","1,855.96","-","0.44%"
"Mar 24, 2014","1,857.44","1,867.67","1,873.34","1,849.69","-","-0.49%"
"Mar 21, 2014","1,866.52","1,874.53","1,883.97","1,863.46","-","-0.29%"
"Mar 20, 2014","1,872.01","1,860.09","1,873.49","1,854.63","-","0.60%"
"Mar 19, 2014","1,860.77","1,872.25","1,874.14","1,850.35","-","-0.61%"
"Mar 18, 2014","1,872.25","1,858.92","1,873.76","1,858.92","-","0.72%"
"Mar 17, 2014","1,858.83","1,842.81","1,862.30","1,842.81","-","0.96%"
"Mar 14, 2014","1,841.13","1,845.07","1,852.44","1,839.57","-","-0.28%"
"Mar 13, 2014","1,846.34","1,869.06","1,874.40","1,841.86","-","-1.17%"
"Mar 12, 2014","1,868.20","1,866.15","1,868.38","1,854.38","-","0.03%"
"Mar 11, 2014","1,867.63","1,878.26","1,882.35","1,863.88","-","-0.51%"
"Mar 10, 2014","1,877.17","1,877.86","1,877.87","1,867.04","-","-0.05%"
"Mar 07, 2014","1,878.04","1,878.52","1,883.57","1,870.56","-","0.05%"
"Mar 06, 2014","1,877.03","1,874.18","1,881.94","1,874.18","-","0.17%"
"Mar 05, 2014","1,873.81","1,874.05","1,876.53","1,871.11","-","-0.01%"
"Mar 04, 2014","1,873.91","1,849.23","1,876.23","1,849.23","-","1.53%"
"Mar 03, 2014","1,845.73","1,857.68","1,857.68","1,834.44","-","-0.74%"
"Feb 28, 2014","1,859.45","1,855.12","1,867.92","1,847.67","-","0.28%"
"Feb 27, 2014","1,854.29","1,844.90","1,854.53","1,841.13","-","0.49%"
"Feb 26, 2014","1,845.16","1,845.79","1,852.65","1,840.66","-","0.00%"
"Feb 25, 2014","1,845.12","1,847.66","1,852.91","1,840.19","-","-0.13%"
"Feb 24, 2014","1,847.61","1,836.78","1,858.71","1,836.78","-","0.62%"
"Feb 21, 2014","1,836.25","1,841.07","1,846.13","1,835.60","-","-0.19%"
"Feb 20, 2014","1,839.78","1,829.24","1,842.79","1,824.58","-","0.60%"
"Feb 19, 2014","1,828.75","1,838.90","1,847.50","1,826.99","-","-0.65%"
"Feb 18, 2014","1,840.76","1,839.03","1,842.87","1,835.01","-","0.12%"
"Feb 14, 2014","1,838.63","1,828.46","1,841.65","1,825.59","-","0.48%"
"Feb 13, 2014","1,829.83","1,814.82","1,830.25","1,809.22","-","0.58%"
"Feb 12, 2014","1,819.26","1,820.12","1,826.55","1,815.97","-","-0.03%"
"Feb 11, 2014","1,819.75","1,800.45","1,823.54","1,800.41","-","1.11%"
"Feb 10, 2014","1,799.84","1,796.20","1,799.94","1,791.83","-","0.16%"
"Feb 07, 2014","1,797.02","1,776.01","1,798.03","1,776.01","-","1.33%"
"Feb 06, 2014","1,773.43","1,752.99","1,774.06","1,752.99","-","1.24%"
"Feb 05, 2014","1,751.64","1,753.38","1,755.79","1,737.92","-","-0.20%"
"Feb 04, 2014","1,755.20","1,743.82","1,758.73","1,743.82","-","0.76%"
"Feb 03, 2014","1,741.89","1,782.68","1,784.83","1,739.66","-","-2.28%"
"Jan 31, 2014","1,782.59","1,790.88","1,793.88","1,772.26","-","-0.65%"
"Jan 30, 2014","1,794.19","1,777.17","1,798.77","1,777.17","-","1.13%"
"Jan 29, 2014","1,774.20","1,790.15","1,790.15","1,770.45","-","-1.02%"
"Jan 28, 2014","1,792.50","1,783.00","1,793.87","1,779.49","-","0.61%"
"Jan 27, 2014","1,781.56","1,791.03","1,795.98","1,772.88","-","-0.49%"
"Jan 24, 2014","1,790.29","1,826.96","1,826.96","1,790.29","-","-2.09%"
"Jan 23, 2014","1,828.46","1,842.29","1,842.29","1,820.06","-","-0.89%"
"Jan 22, 2014","1,844.86","1,844.71","1,846.87","1,840.88","-","0.06%"
"Jan 21, 2014","1,843.80","1,841.05","1,849.31","1,832.38","-","0.28%"
"Jan 17, 2014","1,838.70","1,844.23","1,846.04","1,835.23","-","-0.39%"
"Jan 16, 2014","1,845.89","1,847.99","1,847.99","1,840.30","-","-0.13%"
"Jan 15, 2014","1,848.38","1,840.52","1,850.84","1,840.52","-","0.52%"
"Jan 14, 2014","1,838.88","1,821.36","1,839.26","1,821.36","-","1.08%"
"Jan 13, 2014","1,819.20","1,841.26","1,843.45","1,815.52","-","-1.26%"
"Jan 10, 2014","1,842.37","1,840.06","1,843.15","1,832.43","-","0.23%"
"Jan 09, 2014","1,838.13","1,839.00","1,843.23","1,830.38","-","0.03%"
"Jan 08, 2014","1,837.49","1,837.90","1,840.02","1,831.40","-","-0.02%"
"Jan 07, 2014","1,837.88","1,828.71","1,840.10","1,828.71","-","0.61%"
"Jan 06, 2014","1,826.77","1,832.31","1,837.16","1,823.73","-","-0.25%"
"Jan 03, 2014","1,831.37","1,833.21","1,838.24","1,829.13","-","-0.03%"
"Jan 02, 2014","1,831.98","1,845.86","1,845.86","1,827.74","-","-0.89%"
"Dec 31, 2013","1,848.36","1,842.61","1,849.44","1,842.41","-","0.40%"
"Dec 30, 2013","1,841.07","1,841.47","1,842.47","1,838.77","-","-0.02%"
"Dec 27, 2013","1,841.40","1,842.97","1,844.89","1,839.81","-","-0.03%"
"Dec 26, 2013","1,842.02","1,834.96","1,842.84","1,834.96","-","0.47%"
"Dec 24, 2013","1,833.32","1,828.02","1,833.32","1,828.02","-","0.29%"
"Dec 23, 2013","1,827.99","1,822.92","1,829.75","1,822.92","-","0.53%"
"Dec 20, 2013","1,818.32","1,810.39","1,823.75","1,810.25","-","0.48%"
"Dec 19, 2013","1,809.60","1,809.00","1,810.88","1,801.35","-","-0.06%"
"Dec 18, 2013","1,810.65","1,781.46","1,811.08","1,767.99","-","1.66%"
"Dec 17, 2013","1,781.00","1,786.47","1,786.77","1,777.05","-","-0.31%"
"Dec 16, 2013","1,786.54","1,777.48","1,792.22","1,777.48","-","0.63%"
"Dec 13, 2013","1,775.32","1,777.98","1,780.92","1,772.45","-","-0.01%"
"Dec 12, 2013","1,775.50","1,781.71","1,782.99","1,772.28","-","-0.38%"
"Dec 11, 2013","1,782.22","1,802.76","1,802.97","1,780.09","-","-1.13%"
"Dec 10, 2013","1,802.62","1,807.60","1,808.52","1,801.75","-","-0.32%"
"Dec 09, 2013","1,808.37","1,806.21","1,811.52","1,806.21","-","0.18%"
"Dec 06, 2013","1,805.09","1,788.36","1,806.04","1,788.36","-","1.12%"
"Dec 05, 2013","1,785.03","1,792.82","1,792.82","1,783.38","-","-0.43%"
"Dec 04, 2013","1,792.81","1,793.15","1,799.80","1,779.09","-","-0.13%"
"Dec 03, 2013","1,795.15","1,800.10","1,800.10","1,787.85","-","-0.32%"
"Dec 02, 2013","1,800.90","1,806.55","1,810.02","1,798.60","-","-0.27%"
"Nov 29, 2013","1,805.81","1,808.69","1,813.55","1,803.98","-","-0.08%"
"Nov 27, 2013","1,807.23","1,803.48","1,808.27","1,802.77","-","0.25%"
"Nov 26, 2013","1,802.75","1,802.87","1,808.42","1,800.77","-","0.01%"
"Nov 25, 2013","1,802.48","1,806.33","1,808.10","1,800.58","-","-0.13%"
"Nov 22, 2013","1,804.76","1,797.21","1,804.84","1,794.70","-","0.50%"
"Nov 21, 2013","1,795.85","1,783.52","1,797.16","1,783.52","-","0.81%"
"Nov 20, 2013","1,781.37","1,789.59","1,795.73","1,777.23","-","-0.36%"
"Nov 19, 2013","1,787.87","1,790.79","1,795.51","1,784.72","-","-0.20%"
"Nov 18, 2013","1,791.53","1,798.82","1,802.33","1,788.00","-","-0.37%"
"Nov 15, 2013","1,798.18","1,790.66","1,798.22","1,790.66","-","0.42%"
"Nov 14, 2013","1,790.62","1,782.75","1,791.53","1,780.22","-","0.48%"
"Nov 13, 2013","1,782.00","1,764.37","1,782.00","1,760.64","-","0.81%"
"Nov 12, 2013","1,767.69","1,769.51","1,771.78","1,762.29","-","-0.24%"
"Nov 11, 2013","1,771.89","1,769.96","1,773.44","1,767.85","-","0.07%"
"Nov 08, 2013","1,770.61","1,748.37","1,770.78","1,747.63","-","1.34%"
"Nov 07, 2013","1,747.15","1,770.74","1,774.54","1,746.20","-","-1.32%"
"Nov 06, 2013","1,770.49","1,765.00","1,773.74","1,764.40","-","0.43%"
"Nov 05, 2013","1,762.97","1,765.67","1,767.03","1,755.76","-","-0.28%"
"Nov 04, 2013","1,767.93","1,763.40","1,768.78","1,761.56","-","0.36%"
"Nov 01, 2013","1,761.64","1,758.70","1,765.67","1,752.70","-","0.29%"
"Oct 31, 2013","1,756.54","1,763.24","1,768.53","1,755.72","-","-0.38%"
"Oct 30, 2013","1,763.31","1,772.27","1,775.22","1,757.24","-","-0.49%"
"Oct 29, 2013","1,771.95","1,762.93","1,772.09","1,762.93","-","0.56%"
"Oct 28, 2013","1,762.11","1,759.42","1,764.99","1,757.67","-","0.13%"
"Oct 25, 2013","1,759.77","1,756.01","1,759.82","1,752.45","-","0.44%"
"Oct 24, 2013","1,752.07","1,747.48","1,753.94","1,745.50","-","0.33%"
"Oct 23, 2013","1,746.38","1,752.27","1,752.27","1,740.50","-","-0.47%"
"Oct 22, 2013","1,754.67","1,746.48","1,759.33","1,746.48","-","0.57%"
"Oct 21, 2013","1,744.66","1,745.20","1,747.79","1,740.67","-","0.01%"
"Oct 18, 2013","1,744.50","1,736.72","1,745.31","1,735.74","-","0.65%"
"Oct 17, 2013","1,733.15","1,720.17","1,733.45","1,714.12","-","0.67%"
"Oct 16, 2013","1,721.54","1,700.49","1,721.76","1,700.49","-","1.38%"
"Oct 15, 2013","1,698.06","1,709.17","1,711.57","1,695.93","-","-0.71%"
"Oct 14, 2013","1,710.14","1,699.86","1,711.03","1,692.13","-","0.41%"
"Oct 11, 2013","1,703.20","1,691.09","1,703.44","1,688.52","-","0.63%"
"Oct 10, 2013","1,692.56","1,660.88","1,692.56","1,660.88","-","2.18%"
"Oct 09, 2013","1,656.40","1,656.99","1,662.47","1,646.47","-","0.06%"
"Oct 08, 2013","1,655.45","1,676.22","1,676.79","1,655.03","-","-1.23%"
"Oct 07, 2013","1,676.12","1,687.15","1,687.15","1,674.70","-","-0.85%"
"Oct 04, 2013","1,690.50","1,678.79","1,691.94","1,677.33","-","0.71%"
"Oct 03, 2013","1,678.66","1,692.35","1,692.35","1,670.36","-","-0.90%"
"Oct 02, 2013","1,693.87","1,691.90","1,693.87","1,680.34","-","-0.07%"
"Oct 01, 2013","1,695.00","1,682.41","1,696.55","1,682.07","-","0.80%"
"Sep 30, 2013","1,681.55","1,687.26","1,687.26","1,674.99","-","-0.60%"
"Sep 27, 2013","1,691.75","1,695.52","1,695.52","1,687.11","-","-0.41%"
"Sep 26, 2013","1,698.67","1,694.05","1,703.85","1,693.11","-","0.35%"
"Sep 25, 2013","1,692.77","1,698.02","1,701.71","1,691.88","-","-0.27%"
"Sep 24, 2013","1,697.42","1,702.60","1,707.63","1,694.90","-","-0.26%"
"Sep 23, 2013","1,701.84","1,711.44","1,711.44","1,697.10","-","-0.47%"
"Sep 20, 2013","1,709.91","1,722.44","1,725.23","1,708.89","-","-0.72%"
"Sep 19, 2013","1,722.34","1,727.34","1,729.86","1,720.20","-","-0.18%"
"Sep 18, 2013","1,725.52","1,705.74","1,729.44","1,700.35","-","1.22%"
"Sep 17, 2013","1,704.76","1,697.73","1,705.52","1,697.73","-","0.42%"
"Sep 16, 2013","1,697.60","1,691.70","1,704.95","1,691.70","-","0.57%"
"Sep 13, 2013","1,687.99","1,685.04","1,688.73","1,682.22","-","0.27%"
"Sep 12, 2013","1,683.42","1,689.21","1,689.97","1,681.96","-","-0.34%"
"Sep 11, 2013","1,689.13","1,681.04","1,689.13","1,678.70","-","0.31%"
"Sep 10, 2013","1,683.99","1,674.32","1,684.09","1,674.32","-","0.73%"
"Sep 09, 2013","1,671.71","1,656.85","1,672.40","1,656.85","-","1.00%"
"Sep 06, 2013","1,655.17","1,657.44","1,664.83","1,640.62","-","0.01%"
"Sep 05, 2013","1,655.08","1,653.28","1,659.17","1,653.07","-","0.12%"
"Sep 04, 2013","1,653.08","1,640.72","1,655.72","1,637.41","-","0.81%"
"Sep 03, 2013","1,639.77","1,635.95","1,651.35","1,633.41","-","0.42%"
"Aug 30, 2013","1,632.97","1,638.89","1,640.08","1,628.05","-","-0.32%"
"Aug 29, 2013","1,638.17","1,633.50","1,646.41","1,630.88","-","0.20%"
"Aug 28, 2013","1,634.96","1,630.25","1,641.18","1,627.47","-","0.27%"
"Aug 27, 2013","1,630.48","1,652.54","1,652.54","1,629.05","-","-1.59%"
"Aug 26, 2013","1,656.78","1,664.29","1,669.51","1,656.02","-","-0.40%"
"Aug 23, 2013","1,663.50","1,659.92","1,664.85","1,654.81","-","0.39%"
"Aug 22, 2013","1,656.96","1,645.03","1,659.55","1,645.03","-","0.86%"
"Aug 21, 2013","1,642.80","1,650.66","1,656.99","1,639.43","-","-0.58%"
"Aug 20, 2013","1,652.35","1,646.81","1,658.92","1,646.08","-","0.38%"
"Aug 19, 2013","1,646.06","1,655.25","1,659.18","1,645.84","-","-0.59%"
"Aug 16, 2013","1,655.83","1,661.22","1,663.60","1,652.61","-","-0.33%"
"Aug 15, 2013","1,661.32","1,679.61","1,679.61","1,658.59","-","-1.43%"
"Aug 14, 2013","1,685.39","1,693.88","1,695.52","1,684.83","-","-0.52%"
"Aug 13, 2013","1,694.16","1,690.65","1,696.81","1,682.62","-","0.28%"
"Aug 12, 2013","1,689.47","1,688.37","1,691.49","1,683.35","-","-0.12%"
"Aug 09, 2013","1,691.42","1,696.10","1,699.42","1,686.02","-","-0.36%"
"Aug 08, 2013","1,697.48","1,693.35","1,700.18","1,688.38","-","0.39%"
"Aug 07, 2013","1,690.91","1,695.30","1,695.30","1,684.91","-","-0.38%"
"Aug 06, 2013","1,697.37","1,705.79","1,705.79","1,693.29","-","-0.57%"
"Aug 05, 2013","1,707.14","1,708.01","1,709.24","1,703.55","-","-0.15%"
"Aug 02, 2013","1,709.67","1,706.10","1,709.67","1,700.68","-","0.16%"
"Aug 01, 2013","1,706.87","1,689.42","1,707.85","1,689.42","-","1.25%"
"Jul 31, 2013","1,685.73","1,687.76","1,698.43","1,684.94","-","-0.01%"
"Jul 30, 2013","1,685.96","1,687.92","1,693.19","1,682.42","-","0.04%"
"Jul 29, 2013","1,685.33","1,690.32","1,690.92","1,681.86","-","-0.37%"
"Jul 26, 2013","1,691.65","1,687.31","1,691.85","1,676.03","-","0.08%"
"Jul 25, 2013","1,690.25","1,685.21","1,690.94","1,680.07","-","0.26%"
"Jul 24, 2013","1,685.94","1,696.06","1,698.38","1,682.57","-","-0.38%"
"Jul 23, 2013","1,692.39","1,696.63","1,698.78","1,691.13","-","-0.19%"
"Jul 22, 2013","1,695.53","1,694.41","1,697.61","1,690.67","-","0.20%"
"Jul 19, 2013","1,692.09","1,686.15","1,692.09","1,684.08","-","0.16%"
"Jul 18, 2013","1,689.37","1,681.05","1,693.12","1,681.05","-","0.50%"
"Jul 17, 2013","1,680.91","1,677.91","1,684.75","1,677.91","-","0.28%"
"Jul 16, 2013","1,676.26","1,682.70","1,683.73","1,671.84","-","-0.37%"
"Jul 15, 2013","1,682.50","1,679.59","1,684.51","1,677.89","-","0.14%"
"Jul 12, 2013","1,680.19","1,675.26","1,680.19","1,672.33","-","0.31%"
"Jul 11, 2013","1,675.02","1,657.41","1,676.63","1,657.41","-","1.36%"
"Jul 10, 2013","1,652.62","1,651.56","1,657.92","1,647.66","-","0.02%"
"Jul 09, 2013","1,652.32","1,642.89","1,654.18","1,642.89","-","0.72%"
"Jul 08, 2013","1,640.46","1,634.20","1,644.68","1,634.20","-","0.53%"
"Jul 05, 2013","1,631.89","1,618.65","1,632.07","1,614.71","-","1.02%"
"Jul 03, 2013","1,615.41","1,611.48","1,618.97","1,604.57","-","0.08%"
"Jul 02, 2013","1,614.08","1,614.29","1,624.26","1,606.77","-","-0.05%"
"Jul 01, 2013","1,614.96","1,609.78","1,626.61","1,609.78","-","0.54%"
"Jun 28, 2013","1,606.28","1,611.12","1,615.94","1,601.06","-","-0.43%"
"Jun 27, 2013","1,613.20","1,606.44","1,620.07","1,606.44","-","0.62%"
"Jun 26, 2013","1,603.26","1,592.27","1,606.83","1,592.27","-","0.96%"
"Jun 25, 2013","1,588.03","1,577.52","1,593.79","1,577.09","-","0.95%"
"Jun 24, 2013","1,573.09","1,588.77","1,588.77","1,560.33","-","-1.21%"
"Jun 21, 2013","1,592.43","1,588.62","1,599.19","1,577.70","-","0.27%"
"Jun 20, 2013","1,588.19","1,624.62","1,624.62","1,584.32","-","-2.50%"
"Jun 19, 2013","1,628.93","1,651.83","1,652.45","1,628.91","-","-1.39%"
"Jun 18, 2013","1,651.81","1,639.77","1,654.19","1,639.77","-","0.78%"
"Jun 17, 2013","1,639.04","1,630.64","1,646.50","1,630.34","-","0.76%"
"Jun 14, 2013","1,626.73","1,635.52","1,640.80","1,623.96","-","-0.59%"
"Jun 13, 2013","1,636.36","1,612.15","1,639.25","1,608.07","-","1.48%"
"Jun 12, 2013","1,612.52","1,629.94","1,637.71","1,610.92","-","-0.84%"
"Jun 11, 2013","1,626.13","1,638.64","1,640.13","1,622.92","-","-1.02%"
"Jun 10, 2013","1,642.81","1,644.67","1,648.69","1,639.26","-","-0.03%"
"Jun 07, 2013","1,643.38","1,625.27","1,644.40","1,625.27","-","1.28%"
"Jun 06, 2013","1,622.56","1,609.29","1,622.56","1,598.23","-","0.85%"
"Jun 05, 2013","1,608.90","1,629.05","1,629.31","1,607.09","-","-1.38%"
"Jun 04, 2013","1,631.38","1,640.73","1,646.53","1,623.62","-","-0.55%"
"Jun 03, 2013","1,640.42","1,631.71","1,640.42","1,622.72","-","0.59%"
"May 31, 2013","1,630.74","1,652.13","1,658.99","1,630.74","-","-1.43%"
"May 30, 2013","1,654.41","1,649.14","1,661.91","1,648.61","-","0.37%"
"May 29, 2013","1,648.36","1,656.57","1,656.57","1,640.05","-","-0.70%"
"May 28, 2013","1,660.06","1,652.63","1,674.21","1,652.63","-","0.63%"
"May 24, 2013","1,649.60","1,646.67","1,649.78","1,636.88","-","-0.06%"
"May 23, 2013","1,650.51","1,651.62","1,655.50","1,635.53","-","-0.29%"
"May 22, 2013","1,655.35","1,669.39","1,687.18","1,648.86","-","-0.83%"
"May 21, 2013","1,669.16","1,666.20","1,674.93","1,662.67","-","0.17%"
"May 20, 2013","1,666.29","1,665.71","1,672.84","1,663.52","-","-0.07%"
"May 17, 2013","1,667.47","1,652.45","1,667.47","1,652.45","-","1.03%"
"May 16, 2013","1,650.47","1,658.07","1,660.51","1,648.60","-","-0.50%"
"May 15, 2013","1,658.78","1,649.13","1,661.49","1,646.68","-","0.51%"
"May 14, 2013","1,650.34","1,633.75","1,651.10","1,633.75","-","1.01%"
"May 13, 2013","1,633.77","1,632.10","1,636.00","1,626.74","-","0.00%"
"May 10, 2013","1,633.70","1,626.69","1,633.70","1,623.71","-","0.43%"
"May 09, 2013","1,626.67","1,632.69","1,635.01","1,623.09","-","-0.37%"
"May 08, 2013","1,632.69","1,625.95","1,632.78","1,622.70","-","0.41%"
"May 07, 2013","1,625.96","1,617.55","1,626.03","1,616.64","-","0.52%"
"May 06, 2013","1,617.50","1,614.40","1,619.77","1,614.21","-","0.19%"
"May 03, 2013","1,614.42","1,597.60","1,618.46","1,597.60","-","1.05%"
"May 02, 2013","1,597.59","1,582.77","1,598.60","1,582.77","-","0.94%"
"May 01, 2013","1,582.70","1,597.55","1,597.55","1,581.28","-","-0.93%"
"Apr 30, 2013","1,597.57","1,593.58","1,597.57","1,586.50","-","0.25%"
"Apr 29, 2013","1,593.61","1,582.34","1,596.65","1,582.34","-","0.72%"
"Apr 26, 2013","1,582.24","1,585.16","1,585.78","1,577.56","-","-0.18%"
"Apr 25, 2013","1,585.16","1,578.93","1,592.64","1,578.93","-","0.40%"
"Apr 24, 2013","1,578.79","1,578.78","1,583.00","1,575.80","-","0.00%"
"Apr 23, 2013","1,578.78","1,562.50","1,579.58","1,562.50","-","1.04%"
"Apr 22, 2013","1,562.50","1,555.25","1,565.55","1,548.19","-","0.47%"
"Apr 19, 2013","1,555.25","1,541.61","1,555.89","1,539.40","-","0.88%"
"Apr 18, 2013","1,541.61","1,552.03","1,554.38","1,536.03","-","-0.67%"
"Apr 17, 2013","1,552.01","1,574.57","1,574.57","1,543.69","-","-1.43%"
"Apr 16, 2013","1,574.57","1,552.36","1,575.35","1,552.36","-","1.43%"
"Apr 15, 2013","1,552.36","1,588.84","1,588.84","1,552.28","-","-2.30%"
"Apr 12, 2013","1,588.85","1,593.30","1,593.30","1,579.97","-","-0.28%"
"Apr 11, 2013","1,593.37","1,587.73","1,597.35","1,586.17","-","0.36%"
"Apr 10, 2013","1,587.73","1,568.61","1,589.07","1,568.61","-","1.22%"
"Apr 09, 2013","1,568.61","1,563.11","1,573.89","1,560.92","-","0.35%"
"Apr 08, 2013","1,563.07","1,553.26","1,563.07","1,548.63","-","0.63%"
"Apr 05, 2013","1,553.28","1,559.98","1,559.98","1,539.50","-","-0.43%"
"Apr 04, 2013","1,559.98","1,553.69","1,562.60","1,552.52","-","0.40%"
"Apr 03, 2013","1,553.69","1,570.25","1,571.47","1,549.80","-","-1.05%"
"Apr 02, 2013","1,570.25","1,562.17","1,573.66","1,562.17","-","0.52%"
"Apr 01, 2013","1,562.17","1,569.18","1,570.57","1,558.47","-","-0.45%"
"Mar 28, 2013","1,569.19","1,562.86","1,570.28","1,561.08","-","0.41%"
"Mar 27, 2013","1,562.85","1,563.75","1,564.07","1,551.90","-","-0.06%"
"Mar 26, 2013","1,563.77","1,551.69","1,563.95","1,551.69","-","0.78%"
"Mar 25, 2013","1,551.69","1,556.89","1,564.91","1,546.22","-","-0.33%"
"Mar 22, 2013","1,556.89","1,545.90","1,557.74","1,545.90","-","0.72%"
"Mar 21, 2013","1,545.80","1,558.71","1,558.71","1,543.55","-","-0.83%"
"Mar 20, 2013","1,558.71","1,548.34","1,561.56","1,548.34","-","0.67%"
"Mar 19, 2013","1,548.34","1,552.10","1,557.25","1,538.57","-","-0.24%"
"Mar 18, 2013","1,552.10","1,560.70","1,560.70","1,545.13","-","-0.55%"
"Mar 15, 2013","1,560.70","1,563.21","1,563.62","1,555.74","-","-0.16%"
"Mar 14, 2013","1,563.23","1,554.52","1,563.32","1,554.52","-","0.56%"
"Mar 13, 2013","1,554.52","1,552.48","1,556.39","1,548.25","-","0.13%"
"Mar 12, 2013","1,552.48","1,556.22","1,556.77","1,548.24","-","-0.24%"
"Mar 11, 2013","1,556.22","1,551.15","1,556.27","1,547.36","-","0.32%"
"Mar 08, 2013","1,551.18","1,544.26","1,552.48","1,542.94","-","0.45%"
"Mar 07, 2013","1,544.26","1,541.46","1,545.78","1,541.46","-","0.18%"
"Mar 06, 2013","1,541.46","1,539.79","1,545.25","1,538.11","-","0.11%"
"Mar 05, 2013","1,539.79","1,525.20","1,543.47","1,525.20","-","0.96%"
"Mar 04, 2013","1,525.20","1,518.20","1,525.27","1,512.29","-","0.46%"
"Mar 01, 2013","1,518.20","1,514.68","1,519.99","1,501.48","-","0.23%"
"Feb 28, 2013","1,514.68","1,515.99","1,525.34","1,514.46","-","-0.09%"
"Feb 27, 2013","1,515.99","1,496.94","1,520.08","1,494.88","-","1.27%"
"Feb 26, 2013","1,496.94","1,487.85","1,498.99","1,485.01","-","0.61%"
"Feb 25, 2013","1,487.85","1,515.60","1,525.84","1,487.85","-","-1.83%"
"Feb 22, 2013","1,515.60","1,502.42","1,515.64","1,502.42","-","0.88%"
"Feb 21, 2013","1,502.42","1,511.95","1,511.95","1,497.29","-","-0.63%"
"Feb 20, 2013","1,511.95","1,530.94","1,530.94","1,511.41","-","-1.24%"
"Feb 19, 2013","1,530.94","1,519.79","1,530.94","1,519.79","-","0.73%"
"Feb 15, 2013","1,519.79","1,521.38","1,524.24","1,514.14","-","-0.10%"
"Feb 14, 2013","1,521.38","1,520.33","1,523.14","1,514.02","-","0.07%"
"Feb 13, 2013","1,520.33","1,519.43","1,524.69","1,515.93","-","0.06%"
"Feb 12, 2013","1,519.43","1,517.01","1,522.29","1,515.61","-","0.16%"
"Feb 11, 2013","1,517.01","1,517.93","1,518.31","1,513.61","-","-0.06%"
"Feb 08, 2013","1,517.93","1,509.39","1,518.31","1,509.39","-","0.57%"
"Feb 07, 2013","1,509.39","1,512.12","1,512.90","1,498.49","-","-0.18%"
"Feb 06, 2013","1,512.12","1,511.29","1,512.53","1,504.71","-","0.05%"
"Feb 05, 2013","1,511.29","1,495.71","1,514.96","1,495.71","-","1.04%"
"Feb 04, 2013","1,495.71","1,513.17","1,513.17","1,495.02","-","-1.15%"
"Feb 01, 2013","1,513.17","1,498.11","1,514.41","1,498.11","-","1.01%"
"Jan 31, 2013","1,498.11","1,501.96","1,504.19","1,496.76","-","-0.26%"
"Jan 30, 2013","1,501.96","1,507.84","1,509.94","1,500.11","-","-0.39%"
"Jan 29, 2013","1,507.84","1,500.18","1,509.35","1,498.09","-","0.51%"
"Jan 28, 2013","1,500.18","1,502.96","1,503.23","1,496.33","-","-0.18%"
"Jan 25, 2013","1,502.96","1,494.82","1,503.26","1,494.82","-","0.54%"
"Jan 24, 2013","1,494.82","1,494.81","1,502.27","1,489.46","-","0.00%"
"Jan 23, 2013","1,494.81","1,492.56","1,496.13","1,489.90","-","0.15%"
"Jan 22, 2013","1,492.56","1,485.98","1,492.56","1,481.16","-","0.44%"
"Jan 18, 2013","1,485.98","1,480.95","1,485.98","1,475.81","-","0.34%"
"Jan 17, 2013","1,480.94","1,472.63","1,485.16","1,472.63","-","0.56%"
"Jan 16, 2013","1,472.63","1,472.33","1,473.96","1,467.60","-","0.02%"
"Jan 15, 2013","1,472.34","1,470.67","1,473.31","1,463.76","-","0.11%"
"Jan 14, 2013","1,470.68","1,472.05","1,472.05","1,465.69","-","-0.09%"
"Jan 11, 2013","1,472.05","1,472.12","1,472.75","1,467.58","-","-0.00%"
"Jan 10, 2013","1,472.12","1,464.64","1,472.30","1,461.02","-","0.76%"
"Jan 09, 2013","1,461.02","1,457.15","1,464.73","1,457.15","-","0.27%"
"Jan 08, 2013","1,457.15","1,461.89","1,461.89","1,451.64","-","-0.32%"
"Jan 07, 2013","1,461.89","1,466.47","1,466.47","1,456.62","-","-0.31%"
"Jan 04, 2013","1,466.47","1,459.37","1,467.94","1,458.99","-","0.49%"
"Jan 03, 2013","1,459.37","1,462.42","1,465.47","1,455.53","-","-0.21%"
"Jan 02, 2013","1,462.42","1,426.19","1,462.43","1,426.19","-","2.54%"
"Dec 31, 2012","1,426.19","1,402.43","1,426.74","1,398.11","-","1.69%"
"Dec 28, 2012","1,402.43","1,418.10","1,418.10","1,401.58","-","-1.10%"
"Dec 27, 2012","1,418.10","1,419.83","1,422.80","1,401.80","-","-0.12%"
"Dec 26, 2012","1,419.83","1,426.66","1,429.42","1,416.43","-","-0.48%"
"Dec 24, 2012","1,426.66","1,430.15","1,430.15","1,424.66","-","-0.24%"
"Dec 21, 2012","1,430.15","1,443.67","1,443.67","1,422.58","-","-0.94%"
"Dec 20, 2012","1,443.69","1,435.81","1,443.70","1,432.82","-","0.55%"
"Dec 19, 2012","1,435.81","1,446.79","1,447.75","1,435.80","-","-0.76%"
"Dec 18, 2012","1,446.79","1,430.47","1,448.00","1,430.47","-","1.15%"
"Dec 17, 2012","1,430.36","1,413.54","1,430.67","1,413.54","-","1.19%"
"Dec 14, 2012","1,413.58","1,419.45","1,419.45","1,411.88","-","-0.41%"
"Dec 13, 2012","1,419.45","1,428.48","1,431.36","1,416.00","-","-0.63%"
"Dec 12, 2012","1,428.48","1,427.84","1,438.59","1,426.76","-","0.04%"
"Dec 11, 2012","1,427.84","1,418.55","1,434.27","1,418.55","-","0.65%"
"Dec 10, 2012","1,418.55","1,418.07","1,421.64","1,415.64","-","0.03%"
"Dec 07, 2012","1,418.07","1,413.95","1,420.34","1,410.90","-","0.29%"
"Dec 06, 2012","1,413.94","1,409.43","1,413.95","1,405.93","-","0.33%"
"Dec 05, 2012","1,409.28","1,407.05","1,415.56","1,398.23","-","0.16%"
"Dec 04, 2012","1,407.05","1,409.46","1,413.14","1,403.65","-","-0.17%"
"Dec 03, 2012","1,409.46","1,416.34","1,423.73","1,408.46","-","-0.47%"
"Nov 30, 2012","1,416.18","1,415.95","1,418.86","1,411.63","-","0.02%"
"Nov 29, 2012","1,415.95","1,409.96","1,419.70","1,409.04","-","0.43%"
"Nov 28, 2012","1,409.93","1,398.77","1,410.31","1,385.43","-","0.79%"
"Nov 27, 2012","1,398.94","1,406.29","1,409.01","1,398.03","-","-0.52%"
"Nov 26, 2012","1,406.29","1,409.15","1,409.15","1,397.68","-","-0.20%"
"Nov 23, 2012","1,409.15","1,391.03","1,409.16","1,391.03","-","1.30%"
"Nov 21, 2012","1,391.03","1,387.79","1,391.25","1,386.39","-","0.23%"
"Nov 20, 2012","1,387.81","1,386.82","1,389.77","1,377.04","-","0.07%"
"Nov 19, 2012","1,386.89","1,359.88","1,386.89","1,359.88","-","1.99%"
"Nov 16, 2012","1,359.88","1,353.36","1,362.03","1,343.35","-","0.48%"
"Nov 15, 2012","1,353.33","1,355.41","1,360.62","1,348.05","-","-0.16%"
"Nov 14, 2012","1,355.49","1,374.64","1,380.13","1,352.50","-","-1.39%"
"Nov 13, 2012","1,374.53","1,380.03","1,388.81","1,371.39","-","-0.40%"
"Nov 12, 2012","1,380.03","1,379.86","1,384.87","1,377.19","-","0.01%"
"Nov 09, 2012","1,379.85","1,377.55","1,391.39","1,373.03","-","0.17%"
"Nov 08, 2012","1,377.51","1,394.53","1,401.23","1,377.51","-","-1.22%"
"Nov 07, 2012","1,394.53","1,428.27","1,428.27","1,388.14","-","-2.37%"
"Nov 06, 2012","1,428.39","1,417.26","1,433.38","1,417.26","-","0.79%"
"Nov 05, 2012","1,417.26","1,414.02","1,419.90","1,408.13","-","0.22%"
"Nov 02, 2012","1,414.20","1,427.59","1,434.27","1,412.91","-","-0.94%"
"Nov 01, 2012","1,427.59","1,412.20","1,428.35","1,412.20","-","1.09%"
"Oct 31, 2012","1,412.16","1,410.99","1,418.76","1,405.95","-","0.02%"
"Oct 26, 2012","1,411.94","1,412.97","1,417.09","1,403.28","-","-0.07%"
"Oct 25, 2012","1,412.97","1,409.74","1,421.12","1,405.14","-","0.30%"
"Oct 24, 2012","1,408.75","1,413.20","1,420.04","1,407.10","-","-0.31%"
"Oct 23, 2012","1,413.11","1,433.74","1,433.74","1,407.56","-","-1.44%"
"Oct 22, 2012","1,433.82","1,433.21","1,435.46","1,422.06","-","0.04%"
"Oct 19, 2012","1,433.19","1,457.34","1,457.34","1,429.85","-","-1.66%"
"Oct 18, 2012","1,457.34","1,460.94","1,464.02","1,452.63","-","-0.24%"
"Oct 17, 2012","1,460.91","1,454.22","1,462.20","1,453.35","-","0.41%"
"Oct 16, 2012","1,454.92","1,440.31","1,455.51","1,440.31","-","1.03%"
"Oct 15, 2012","1,440.13","1,428.75","1,441.31","1,427.24","-","0.81%"
"Oct 12, 2012","1,428.59","1,432.84","1,438.43","1,425.53","-","-0.30%"
"Oct 11, 2012","1,432.84","1,432.82","1,443.90","1,432.82","-","0.02%"
"Oct 10, 2012","1,432.56","1,441.48","1,442.52","1,430.64","-","-0.62%"
"Oct 09, 2012","1,441.48","1,455.90","1,455.90","1,441.18","-","-0.99%"
"Oct 08, 2012","1,455.88","1,460.93","1,460.93","1,453.10","-","-0.35%"
"Oct 05, 2012","1,460.93","1,461.40","1,470.96","1,456.89","-","-0.03%"
"Oct 04, 2012","1,461.40","1,451.08","1,463.14","1,451.08","-","0.72%"
"Oct 03, 2012","1,450.99","1,446.05","1,454.30","1,441.99","-","0.36%"
"Oct 02, 2012","1,445.75","1,444.99","1,451.52","1,439.01","-","0.09%"
"Oct 01, 2012","1,444.49","1,440.90","1,457.14","1,440.90","-","0.27%"
"Sep 28, 2012","1,440.67","1,447.13","1,447.13","1,435.60","-","-0.45%"
"Sep 27, 2012","1,447.15","1,433.36","1,450.20","1,433.36","-","0.96%"
"Sep 26, 2012","1,433.32","1,441.60","1,441.60","1,430.53","-","-0.57%"
"Sep 25, 2012","1,441.59","1,456.94","1,463.24","1,441.59","-","-1.05%"
"Sep 24, 2012","1,456.89","1,459.76","1,460.72","1,452.06","-","-0.22%"
"Sep 21, 2012","1,460.15","1,460.34","1,467.07","1,459.51","-","-0.01%"
"Sep 20, 2012","1,460.26","1,461.05","1,461.23","1,449.98","-","-0.05%"
"Sep 19, 2012","1,461.05","1,459.50","1,465.15","1,457.88","-","0.12%"
"Sep 18, 2012","1,459.32","1,461.19","1,461.47","1,456.13","-","-0.13%"
"Sep 17, 2012","1,461.19","1,465.42","1,465.63","1,457.55","-","-0.31%"
"Sep 14, 2012","1,465.77","1,460.07","1,474.51","1,460.07","-","0.40%"
"Sep 13, 2012","1,459.99","1,436.56","1,463.76","1,435.34","-","1.63%"
"Sep 12, 2012","1,436.56","1,433.56","1,439.15","1,432.99","-","0.21%"
"Sep 11, 2012","1,433.56","1,429.13","1,437.76","1,429.13","-","0.31%"
"Sep 10, 2012","1,429.08","1,437.92","1,438.74","1,428.98","-","-0.61%"
"Sep 07, 2012","1,437.92","1,432.12","1,437.92","1,431.45","-","0.40%"
"Sep 06, 2012","1,432.12","1,403.44","1,432.12","1,403.44","-","2.04%"
"Sep 05, 2012","1,403.44","1,404.94","1,408.81","1,401.25","-","-0.11%"
"Sep 04, 2012","1,404.94","1,406.54","1,409.31","1,396.56","-","-0.12%"
"Aug 31, 2012","1,406.58","1,400.07","1,413.09","1,398.96","-","0.51%"
"Aug 30, 2012","1,399.48","1,410.08","1,410.08","1,397.01","-","-0.78%"
"Aug 29, 2012","1,410.49","1,409.32","1,413.95","1,406.57","-","0.08%"
"Aug 28, 2012","1,409.30","1,410.44","1,413.63","1,405.59","-","-0.08%"
"Aug 27, 2012","1,410.44","1,411.13","1,416.17","1,409.11","-","-0.05%"
"Aug 24, 2012","1,411.13","1,401.99","1,413.46","1,398.04","-","0.65%"
"Aug 23, 2012","1,402.08","1,413.49","1,413.49","1,400.50","-","-0.81%"
"Aug 22, 2012","1,413.49","1,413.09","1,416.12","1,406.78","-","0.02%"
"Aug 21, 2012","1,413.17","1,418.13","1,426.68","1,410.86","-","-0.35%"
"Aug 20, 2012","1,418.13","1,417.85","1,418.13","1,412.12","-","-0.00%"
"Aug 17, 2012","1,418.16","1,415.84","1,418.71","1,414.67","-","0.19%"
"Aug 16, 2012","1,415.51","1,406.61","1,417.44","1,404.15","-","0.71%"
"Aug 15, 2012","1,405.53","1,403.89","1,407.73","1,401.83","-","0.11%"
"Aug 14, 2012","1,403.93","1,404.36","1,410.03","1,400.60","-","-0.01%"
"Aug 13, 2012","1,404.11","1,405.87","1,405.87","1,397.32","-","-0.13%"
"Aug 10, 2012","1,405.87","1,402.58","1,405.98","1,395.62","-","0.22%"
"Aug 09, 2012","1,402.80","1,402.26","1,405.95","1,398.80","-","0.04%"
"Aug 08, 2012","1,402.22","1,401.23","1,404.14","1,396.13","-","0.06%"
"Aug 07, 2012","1,401.35","1,394.46","1,407.14","1,394.46","-","0.51%"
"Aug 06, 2012","1,394.23","1,391.04","1,399.63","1,391.04","-","0.23%"
"Aug 03, 2012","1,390.99","1,365.45","1,394.16","1,365.45","-","1.90%"
"Aug 02, 2012","1,365.00","1,375.13","1,375.13","1,354.65","-","-0.74%"
"Aug 01, 2012","1,375.14","1,379.32","1,385.03","1,373.35","-","-0.30%"
"Jul 31, 2012","1,379.32","1,385.27","1,387.16","1,379.17","-","-0.43%"
"Jul 30, 2012","1,385.30","1,385.94","1,391.74","1,381.37","-","-0.05%"
"Jul 27, 2012","1,385.97","1,360.05","1,389.19","1,360.05","-","1.91%"
"Jul 26, 2012","1,360.02","1,338.17","1,363.13","1,338.17","-","1.65%"
"Jul 25, 2012","1,337.89","1,338.35","1,343.98","1,331.50","-","-0.03%"
"Jul 24, 2012","1,338.31","1,350.52","1,351.53","1,329.24","-","-0.90%"
"Jul 23, 2012","1,350.52","1,362.34","1,362.34","1,337.56","-","-0.89%"
"Jul 20, 2012","1,362.66","1,376.51","1,376.51","1,362.19","-","-1.01%"
"Jul 19, 2012","1,376.51","1,373.01","1,380.39","1,371.21","-","0.27%"
"Jul 18, 2012","1,372.78","1,363.58","1,375.26","1,358.96","-","0.67%"
"Jul 17, 2012","1,363.67","1,353.68","1,365.36","1,345.07","-","0.74%"
"Jul 16, 2012","1,353.64","1,356.50","1,357.26","1,348.51","-","-0.23%"
"Jul 13, 2012","1,356.78","1,334.81","1,357.70","1,334.81","-","1.65%"
"Jul 12, 2012","1,334.76","1,341.29","1,341.29","1,325.41","-","-0.50%"
"Jul 11, 2012","1,341.45","1,341.40","1,345.00","1,333.25","-","-0.00%"
"Jul 10, 2012","1,341.47","1,352.96","1,361.54","1,336.27","-","-0.81%"
"Jul 09, 2012","1,352.46","1,354.66","1,354.87","1,346.65","-","-0.16%"
"Jul 06, 2012","1,354.68","1,367.09","1,367.09","1,348.03","-","-0.94%"
"Jul 05, 2012","1,367.58","1,373.72","1,373.85","1,363.02","-","-0.47%"
"Jul 03, 2012","1,374.02","1,365.75","1,374.81","1,363.53","-","0.62%"
"Jul 02, 2012","1,365.51","1,362.33","1,366.35","1,355.70","-","0.25%"
"Jun 29, 2012","1,362.16","1,330.12","1,362.17","1,330.12","-","2.49%"
"Jun 28, 2012","1,329.04","1,331.52","1,331.52","1,313.29","-","-0.21%"
"Jun 27, 2012","1,331.85","1,320.71","1,334.40","1,320.71","-","0.90%"
"Jun 26, 2012","1,319.99","1,314.09","1,324.24","1,310.30","-","0.48%"
"Jun 25, 2012","1,313.72","1,334.90","1,334.90","1,309.27","-","-1.60%"
"Jun 22, 2012","1,335.02","1,325.92","1,337.82","1,325.92","-","0.72%"
"Jun 21, 2012","1,325.51","1,355.43","1,358.27","1,324.41","-","-2.23%"
"Jun 20, 2012","1,355.69","1,358.04","1,361.57","1,346.45","-","-0.17%"
"Jun 19, 2012","1,357.98","1,344.83","1,363.46","1,344.83","-","0.98%"
"Jun 18, 2012","1,344.78","1,342.42","1,348.22","1,334.46","-","0.14%"
"Jun 15, 2012","1,342.84","1,329.19","1,343.32","1,329.19","-","1.03%"
"Jun 14, 2012","1,329.10","1,314.88","1,333.68","1,314.14","-","1.08%"
"Jun 13, 2012","1,314.88","1,324.02","1,327.28","1,310.51","-","-0.70%"
"Jun 12, 2012","1,324.18","1,309.40","1,324.31","1,306.62","-","1.17%"
"Jun 11, 2012","1,308.93","1,325.72","1,335.52","1,307.73","-","-1.26%"
"Jun 08, 2012","1,325.66","1,314.99","1,325.81","1,307.77","-","0.81%"
"Jun 07, 2012","1,314.99","1,316.15","1,329.05","1,312.68","-","-0.01%"
"Jun 06, 2012","1,315.13","1,285.61","1,315.13","1,285.61","-","2.30%"
"Jun 05, 2012","1,285.50","1,277.82","1,287.62","1,274.16","-","0.57%"
"Jun 04, 2012","1,278.18","1,278.29","1,282.55","1,266.74","-","0.01%"
"Jun 01, 2012","1,278.04","1,309.87","1,309.87","1,277.25","-","-2.46%"
"May 31, 2012","1,310.33","1,313.09","1,319.74","1,298.90","-","-0.23%"
"May 30, 2012","1,313.32","1,331.25","1,331.25","1,310.76","-","-1.43%"
"May 29, 2012","1,332.42","1,318.90","1,334.93","1,318.90","-","1.11%"
"May 25, 2012","1,317.82","1,320.81","1,324.20","1,314.23","-","-0.22%"
"May 24, 2012","1,320.68","1,318.72","1,324.14","1,310.50","-","0.14%"
"May 23, 2012","1,318.86","1,316.02","1,320.71","1,296.53","-","0.17%"
"May 22, 2012","1,316.63","1,316.09","1,328.49","1,310.04","-","0.05%"
"May 21, 2012","1,315.99","1,295.73","1,316.39","1,295.73","-","1.60%"
"May 18, 2012","1,295.22","1,305.05","1,312.24","1,291.98","-","-0.74%"
"May 17, 2012","1,304.86","1,324.82","1,326.36","1,304.86","-","-1.51%"
"May 16, 2012","1,324.80","1,330.78","1,341.78","1,324.79","-","-0.44%"
"May 15, 2012","1,330.66","1,338.36","1,344.94","1,328.41","-","-0.57%"
"May 14, 2012","1,338.35","1,351.93","1,351.93","1,336.61","-","-1.11%"
"May 11, 2012","1,353.39","1,358.11","1,365.66","1,348.89","-","-0.34%"
"May 10, 2012","1,357.99","1,354.58","1,365.88","1,354.58","-","0.25%"
"May 09, 2012","1,354.58","1,363.20","1,363.73","1,343.13","-","-0.67%"
"May 08, 2012","1,363.72","1,369.16","1,369.16","1,347.75","-","-0.43%"
"May 07, 2012","1,369.58","1,368.79","1,373.91","1,363.94","-","0.04%"
"May 04, 2012","1,369.10","1,391.51","1,391.51","1,367.96","-","-1.61%"
"May 03, 2012","1,391.57","1,402.32","1,403.07","1,388.71","-","-0.77%"
"May 02, 2012","1,402.31","1,405.50","1,405.50","1,393.92","-","-0.25%"
"May 01, 2012","1,405.82","1,397.86","1,415.32","1,395.73","-","0.57%"
"Apr 30, 2012","1,397.91","1,403.26","1,403.26","1,394.00","-","-0.39%"
"Apr 27, 2012","1,403.36","1,400.19","1,406.64","1,397.31","-","0.24%"
"Apr 26, 2012","1,399.98","1,390.64","1,402.09","1,387.28","-","0.67%"
"Apr 25, 2012","1,390.69","1,372.11","1,391.37","1,372.11","-","1.36%"
"Apr 24, 2012","1,371.97","1,366.97","1,375.57","1,366.82","-","0.37%"
"Apr 23, 2012","1,366.94","1,378.53","1,378.53","1,358.79","-","-0.84%"
"Apr 20, 2012","1,378.53","1,376.96","1,387.40","1,376.96","-","0.12%"
"Apr 19, 2012","1,376.92","1,385.08","1,390.46","1,370.30","-","-0.59%"
"Apr 18, 2012","1,385.14","1,390.78","1,390.78","1,383.29","-","-0.41%"
"Apr 17, 2012","1,390.78","1,369.57","1,392.76","1,369.57","-","1.55%"
"Apr 16, 2012","1,369.57","1,370.27","1,379.66","1,365.38","-","-0.05%"
"Apr 13, 2012","1,370.26","1,387.61","1,387.61","1,369.85","-","-1.25%"
"Apr 12, 2012","1,387.57","1,368.77","1,388.13","1,368.77","-","1.38%"
"Apr 11, 2012","1,368.71","1,358.98","1,374.71","1,358.98","-","0.74%"
"Apr 10, 2012","1,358.59","1,382.18","1,383.01","1,357.38","-","-1.71%"
"Apr 09, 2012","1,382.20","1,397.45","1,397.45","1,378.24","-","-1.14%"
"Apr 05, 2012","1,398.08","1,398.79","1,401.60","1,392.92","-","-0.06%"
"Apr 04, 2012","1,398.96","1,413.09","1,413.09","1,394.09","-","-1.02%"
"Apr 03, 2012","1,413.38","1,418.98","1,419.00","1,404.62","-","-0.40%"
"Apr 02, 2012","1,419.04","1,408.47","1,422.38","1,404.46","-","0.75%"
"Mar 30, 2012","1,408.47","1,403.31","1,410.89","1,401.42","-","0.37%"
"Mar 29, 2012","1,403.28","1,405.39","1,405.39","1,391.56","-","-0.16%"
"Mar 28, 2012","1,405.54","1,412.52","1,413.65","1,397.20","-","-0.49%"
"Mar 27, 2012","1,412.52","1,416.55","1,419.15","1,411.95","-","-0.28%"
"Mar 26, 2012","1,416.51","1,397.11","1,416.58","1,397.11","-","1.39%"
"Mar 23, 2012","1,397.11","1,392.78","1,399.18","1,386.87","-","0.31%"
"Mar 22, 2012","1,392.78","1,402.89","1,402.89","1,388.73","-","-0.72%"
"Mar 21, 2012","1,402.89","1,405.52","1,407.75","1,400.64","-","-0.19%"
"Mar 20, 2012","1,405.52","1,409.59","1,409.59","1,397.68","-","-0.30%"
"Mar 19, 2012","1,409.75","1,404.17","1,414.00","1,402.43","-","0.40%"
"Mar 16, 2012","1,404.17","1,402.55","1,405.88","1,401.47","-","0.11%"
"Mar 15, 2012","1,402.60","1,394.17","1,402.63","1,392.78","-","0.60%"
"Mar 14, 2012","1,394.28","1,395.95","1,399.42","1,389.97","-","-0.12%"
"Mar 13, 2012","1,395.95","1,371.92","1,396.13","1,371.92","-","1.81%"
"Mar 12, 2012","1,371.09","1,370.78","1,373.04","1,366.69","-","0.02%"
"Mar 09, 2012","1,370.87","1,365.97","1,374.76","1,365.97","-","0.36%"
"Mar 08, 2012","1,365.91","1,352.65","1,368.72","1,352.65","-","0.98%"
"Mar 07, 2012","1,352.63","1,343.39","1,354.85","1,343.39","-","0.69%"
"Mar 06, 2012","1,343.36","1,363.63","1,363.63","1,340.03","-","-1.54%"
"Mar 05, 2012","1,364.33","1,369.59","1,369.59","1,359.13","-","-0.39%"
"Mar 02, 2012","1,369.63","1,374.09","1,374.53","1,366.42","-","-0.32%"
"Mar 01, 2012","1,374.09","1,365.90","1,376.17","1,365.90","-","0.62%"
"Feb 29, 2012","1,365.68","1,372.20","1,378.04","1,363.81","-","-0.47%"
"Feb 28, 2012","1,372.18","1,367.56","1,373.09","1,365.97","-","0.34%"
"Feb 27, 2012","1,367.59","1,365.20","1,371.94","1,354.92","-","0.14%"
"Feb 24, 2012","1,365.74","1,363.46","1,368.92","1,363.46","-","0.17%"
"Feb 23, 2012","1,363.46","1,357.53","1,364.24","1,352.28","-","0.43%"
"Feb 22, 2012","1,357.66","1,362.11","1,362.70","1,355.53","-","-0.33%"
"Feb 21, 2012","1,362.21","1,361.22","1,367.76","1,358.11","-","0.07%"
"Feb 17, 2012","1,361.23","1,358.06","1,363.40","1,357.24","-","0.23%"
"Feb 16, 2012","1,358.04","1,342.61","1,359.02","1,341.22","-","1.10%"
"Feb 15, 2012","1,343.23","1,350.52","1,355.87","1,340.80","-","-0.54%"
"Feb 14, 2012","1,350.50","1,351.30","1,351.30","1,340.83","-","-0.09%"
"Feb 13, 2012","1,351.77","1,343.06","1,353.35","1,343.06","-","0.68%"
"Feb 10, 2012","1,342.64","1,351.21","1,351.21","1,337.35","-","-0.69%"
"Feb 09, 2012","1,351.95","1,349.97","1,354.32","1,344.63","-","0.15%"
"Feb 08, 2012","1,349.96","1,347.04","1,351.00","1,341.95","-","0.22%"
"Feb 07, 2012","1,347.05","1,344.33","1,349.24","1,335.92","-","0.20%"
"Feb 06, 2012","1,344.33","1,344.32","1,344.36","1,337.52","-","-0.04%"
"Feb 03, 2012","1,344.90","1,326.21","1,345.34","1,326.21","-","1.46%"
"Feb 02, 2012","1,325.54","1,324.24","1,329.19","1,321.57","-","0.11%"
"Feb 01, 2012","1,324.09","1,312.45","1,330.52","1,312.45","-","0.89%"
"Jan 31, 2012","1,312.41","1,313.53","1,321.41","1,306.69","-","-0.05%"
"Jan 30, 2012","1,313.01","1,316.16","1,316.16","1,300.49","-","-0.25%"
"Jan 27, 2012","1,316.33","1,318.25","1,320.06","1,311.72","-","-0.16%"
"Jan 26, 2012","1,318.43","1,326.28","1,333.47","1,313.60","-","-0.57%"
"Jan 25, 2012","1,326.05","1,314.40","1,328.30","1,307.65","-","0.87%"
"Jan 24, 2012","1,314.65","1,315.96","1,315.96","1,306.06","-","-0.10%"
"Jan 23, 2012","1,316.00","1,315.29","1,322.28","1,309.89","-","0.05%"
"Jan 20, 2012","1,315.38","1,314.49","1,315.38","1,309.17","-","0.07%"
"Jan 19, 2012","1,314.50","1,308.07","1,315.49","1,308.07","-","0.49%"
"Jan 18, 2012","1,308.04","1,293.65","1,308.11","1,290.99","-","1.11%"
"Jan 17, 2012","1,293.67","1,290.22","1,303.00","1,290.22","-","0.36%"
"Jan 13, 2012","1,289.09","1,294.82","1,294.82","1,277.58","-","-0.49%"
"Jan 12, 2012","1,295.50","1,292.48","1,296.82","1,285.77","-","0.23%"
"Jan 11, 2012","1,292.48","1,292.02","1,293.80","1,285.41","-","0.03%"
"Jan 10, 2012","1,292.08","1,280.77","1,296.46","1,280.77","-","0.89%"
"Jan 09, 2012","1,280.70","1,277.83","1,281.99","1,274.55","-","0.23%"
"Jan 06, 2012","1,277.81","1,280.93","1,281.84","1,273.34","-","-0.25%"
"Jan 05, 2012","1,281.06","1,277.30","1,283.05","1,265.26","-","0.29%"
"Jan 04, 2012","1,277.30","1,277.03","1,278.73","1,268.10","-","0.02%"
"Jan 03, 2012","1,277.06","1,258.86","1,284.62","1,258.86","-","1.55%"